<?xml version="1.0" encoding="utf-8"?><gpx xmlns:xsi="http://www.w3.org/2001/XMLSchema-instance" xmlns:groundspeak="http://www.groundspeak.com/cache/1/0/1" xmlns:xsd="http://www.w3.org/2001/XMLSchema" version="1.0" creator="Groundspeak, Inc.All Rights Reserved.http://www.groundspeak.com" xsi:schemaLocation="http://www.topografix.com/GPX/1/0 http://www.topografix.com/GPX/1/0/gpx.xsd http://www.groundspeak.com/cache/1/0/1 http://www.groundspeak.com/cache/1/0/1/cache.xsd" xmlns="http://www.topografix.com/GPX/1/0"><name>Cache Listing Generated from Geocaching.com</name><desc>This is an individual cache generated from Geocaching.com</desc><email>contact@geocaching.com</email><url>http://www.geocaching.com</url><urlname>Geocaching - High Tech Treasure Hunting</urlname><time>2026-09-02T16:12:48.7892805Z</time><keywords>cache, geocache</keywords><wpt lat="65.84458333333333" lon="24.1198"><time>2020-05-15T00:00:00</time><name>GC8QWHG</name><desc>cache1: hund by damitho922</desc><url>https://www.geocaching.com/geocache/GC8QWHG</url><urlname>cache1: hund</urlname><sym>Geocache Found</sym><type>Geocache|Unknown Cache</type><groundspeak:cache id="7688731" available="true" archived="false"><groundspeak:name>cache1: hund</groundspeak:name><groundspeak:placed_by>damitho922</groundspeak:placed_by><groundspeak:owner id="29844639">damitho922</groundspeak:owner><groundspeak:type>Unknown Cache</groundspeak:type><groundspeak:container>Micro</groundspeak:container><groundspeak:attributes><groundspeak:attribute id="42" inc="1">Needs maintenance</groundspeak:attribute><groundspeak:attribute id="1" inc="1">Dogs</groundspeak:attribute><groundspeak:attribute id="32" inc="1">Bicycles</groundspeak:attribute><groundspeak:attribute id="15" inc="1">Available in winter</groundspeak:attribute><groundspeak:attribute id="49" inc="1">May require snowshoes</groundspeak:attribute></groundspeak:attributes><groundspeak:difficulty>3</groundspeak:difficulty><groundspeak:terrain>2</groundspeak:terrain><groundspeak:country>Sweden</groundspeak:country><groundspeak:state>Norrbotten</groundspeak:state><groundspeak:short_description>
</groundspeak:short_description><groundspeak:long_description>&lt;p&gt;https://www.jigidi.com/solve.php?id=7UTWHJJK&lt;/p&gt;

</groundspeak:long_description><groundspeak:encoded_hints /><groundspeak:logs><groundspeak:log id="1378837720"><groundspeak:date>2026-08-16T12:00:00</groundspeak:date><groundspeak:type>Found it</groundspeak:type><groundspeak:finder id="14784983">m1k@</groundspeak:finder><groundspeak:text encoded="false">TFTC!</groundspeak:text></groundspeak:log><groundspeak:log id="1377846039"><groundspeak:date>2026-08-11T10:41:55</groundspeak:date><groundspeak:type>Found it</groundspeak:type><groundspeak:finder id="13751586">Bettan78</groundspeak:finder><groundspeak:text encoded="false">Tftc! Löste den första mysteryn med hjälp av en tidigare cachare som hittat gömman. 
Togs tillsammans med MirkkuK och Lillebror1337</groundspeak:text></groundspeak:log><groundspeak:log id="1377844158"><groundspeak:date>2026-08-11T10:27:52</groundspeak:date><groundspeak:type>Found it</groundspeak:type><groundspeak:finder id="9444793">MirkkuKoskela</groundspeak:finder><groundspeak:text encoded="false">Tftc </groundspeak:text></groundspeak:log><groundspeak:log id="1377843973"><groundspeak:date>2026-08-11T10:26:17</groundspeak:date><groundspeak:type>Found it</groundspeak:type><groundspeak:finder id="55915716">Lillebror1337</groundspeak:finder><groundspeak:text encoded="false">Hittad med mirkkuk och bettan</groundspeak:text></groundspeak:log><groundspeak:log id="1377415842"><groundspeak:date>2026-08-09T12:00:00</groundspeak:date><groundspeak:type>Found it</groundspeak:type><groundspeak:finder id="2263560">0skari</groundspeak:finder><groundspeak:text encoded="false">Kiitos kätköstä. Tack</groundspeak:text></groundspeak:log><groundspeak:log id="1245738074"><groundspeak:date>2024-07-12T12:00:00</groundspeak:date><groundspeak:type>Found it</groundspeak:type><groundspeak:finder id="24157615">mikkokalevi</groundspeak:finder><groundspeak:text encoded="false">Mega reissun kolmas päivä alkoi sateisesta Rovaniemen rescue eläintilalta... suuntana haaparannan karkkikauppa ja iin iltamiitti... josta yöpymään Nallikariin jos voi aloittaa itse Megapäivän...
Perjantain teema oli denarit ja sateesta äkäisenä olevat itikat... 

Kätköt logattu joko lyhenteellä MK tai omalla nimimerkillä...

Kiitos kätköstä! </groundspeak:text></groundspeak:log></groundspeak:logs></groundspeak:cache></wpt><wpt lat="59.325867" lon="18.07155"><time>2015-01-03T00:00:00</time><name>GC5JQ55</name><desc>Granit  by coland</desc><url>https://www.geocaching.com/geocache/GC5JQ55</url><urlname>Granit </urlname><sym>Geocache Found</sym><type>Geocache|Earthcache</type><groundspeak:cache id="4764986" available="true" archived="false"><groundspeak:name>Granit </groundspeak:name><groundspeak:placed_by>coland</groundspeak:placed_by><groundspeak:owner id="10785179">Coland</groundspeak:owner><groundspeak:type>Earthcache</groundspeak:type><groundspeak:container>Other</groundspeak:container><groundspeak:attributes><groundspeak:attribute id="24" inc="1">Wheelchair accessible</groundspeak:attribute><groundspeak:attribute id="41" inc="1">Stroller accessible</groundspeak:attribute><groundspeak:attribute id="13" inc="1">Available 24/7</groundspeak:attribute><groundspeak:attribute id="7" inc="1">Takes less than one hour</groundspeak:attribute><groundspeak:attribute id="25" inc="1">Parking nearby</groundspeak:attribute><groundspeak:attribute id="55" inc="1">Short hike (&lt;1 km)</groundspeak:attribute><groundspeak:attribute id="63" inc="1">Recommended for tourists</groundspeak:attribute><groundspeak:attribute id="59" inc="1">Food nearby</groundspeak:attribute><groundspeak:attribute id="26" inc="1">Public transportation nearby</groundspeak:attribute><groundspeak:attribute id="15" inc="1">Available in winter</groundspeak:attribute></groundspeak:attributes><groundspeak:difficulty>2</groundspeak:difficulty><groundspeak:terrain>1</groundspeak:terrain><groundspeak:country>Sweden</groundspeak:country><groundspeak:state>Stockholm</groundspeak:state><groundspeak:short_description>
</groundspeak:short_description><groundspeak:long_description>&lt;p&gt;&lt;strong&gt;Swe:&lt;/strong&gt;&lt;/p&gt;
&lt;p&gt;&lt;strong&gt;&lt;u&gt;Granit&lt;/u&gt;&lt;/strong&gt;&lt;/p&gt;
&lt;p&gt;&lt;strong&gt;Granit&lt;/strong&gt; är en av de vanligaste bergarterna på den kontinentala jordskorpan. Granit har en grov- till finkornig struktur. Stora delar av Sveriges berggrund utgörs av granit, särskilt i Småland och Norrland.&lt;/p&gt;
&lt;p&gt;Granit bygger tillsammans med tonalit och granodiorit upp en stor del av kontinentskorpan. Den består av kvarts (grå), kalifältsspat (vit eller rosa) och plagioklas (vit) samt varierande mängder muskovit (ljus), biotit (svart) och hornblände (svart); färgen är grå- eller röd-spräcklig beroende på fältspatens färg.&lt;/p&gt;
&lt;p&gt;&lt;img alt src="https://d1u1p2xjjiahg3.cloudfront.net/8a056c85-f5c3-419d-9d70-7e3f82f6e558.jpg" style="height:225px;width:300px;" /&gt;&lt;/p&gt;
&lt;p&gt;&lt;strong&gt;&lt;u&gt;Magmatiska bergarter&lt;/u&gt;&lt;/strong&gt;&lt;/p&gt;
&lt;p&gt;Granit är en magmatisk bergart, djupbergart om man ska vara mer specifik. Magmatiska bergarter, magmabergarter, bildas som stelningsprodukter av magmor (bergartssmältor) i eller ovanpå jordskorpan. I motsats till ett rent ämne (grundämne eller kemisk förening) saknar en magma specifik stelningstemperatur. När magman svalnar sker därför stelnandet, kristallisationen, inom ett stort temperaturintervall. Vid stelnandet utfäller magman normalt kristaller av flera olika mineral.&lt;/p&gt;
&lt;p&gt;Det finns flera olika sorters magmatiska bergarter. Vulkanit (vulkaniska bergarter) är en magmatisk bergart och bildas av snabbt avkylnande magma på eller ytligt under jordytan. Som resultat av detta så blir vulkaniska bergarter glasiga eller finkornigt kristallina. Exempel på vulkaniska bergarter är tuff, ignimbrit och pimpsten.&lt;/p&gt;
&lt;p&gt;Magmatiska djupbergarter bildas av magma. När magma trycks upp så svalnar den eftersom att den trycks mot kallare stenar. Långsamt så stelnar magman. Så bildas granit och andra magmatiska djupbergarter.&lt;/p&gt;
&lt;p&gt;&lt;img alt src="https://d1u1p2xjjiahg3.cloudfront.net/df9ccfa7-505b-4211-b5a9-0d8481f13e77.jpg" style="height:225px;width:300px;" /&gt;&lt;/p&gt;
&lt;p&gt;&lt;strong&gt;&lt;u&gt;Stockholmsgranit&lt;/u&gt;&lt;/strong&gt;&lt;/p&gt;
&lt;p&gt;Stockholmsgranit är en typ av granit som finns i Stockholmsregionen. Graniten bildades för ungefär 1800 miljoner år sedan och kommer från Stockholmsregionens urberg. Som all form av granit så bildades Stockholmsgraniten av magma som har långsamt stelnat djupt ned i jordskorpan. Graniten har oftast en grå färg med svarta korn och har ibland större kristaller av kalifältspat. Den har använts till gatsten och byggnadssten.&lt;/p&gt;
&lt;p&gt;&lt;img alt src="https://d1u1p2xjjiahg3.cloudfront.net/cd39ddad-6890-42e9-85ae-f64b29a1ff3e.jpg" style="height:350px;width:300px;" /&gt;&lt;/p&gt;
&lt;p&gt;&lt;strong&gt;&lt;u&gt;Bohusgranit&lt;/u&gt;&lt;/strong&gt;&lt;/p&gt;
&lt;p&gt;Bohusgranit är den yngsta graniten i Sveriges urberg med en ålder på cirka 900 miljoner år. Graniten är en rödaktig eller grå granit som finns i bland annat norra Bohuslän. Den är fin- eller medelkornig och innehåller talrika gångar och sliror av bergarten pegmatit.&lt;/p&gt;
&lt;p&gt;&lt;strong&gt;&lt;u&gt;Obelisken&lt;/u&gt;&lt;/strong&gt;&lt;/p&gt;
&lt;p&gt;Obelisken i Stockholm är en 22 meter hög obelisk och uppfördes under åren 1798 till 1800. Obelisken är gjord utav Stockholmsgranit och graniten på Obelisken kommer ifrån Ulvsunda.&lt;/p&gt;
&lt;p&gt;&lt;u&gt;&lt;strong&gt;Restaureringsarbetet&lt;/strong&gt;&lt;/u&gt;&lt;/p&gt;
&lt;p&gt;I januari 2017 påbörjades restaurering av obelisken vid Slottsbacken. Obeliskens 17 granittrummor hade alla blivit skadade och drabbade av bland annat sprickor och spruckna fogar. För att undvika rasrisken var man tvungen att montera ned den, och då de ursprungliga delarna var skadade så behövde de ersättas med nya.&lt;/p&gt;
&lt;p&gt;&lt;img alt src="https://s3.amazonaws.com/gs-geo-images/ef0cdf63-4bf7-416a-bfad-a4e0e6e2657a.jpg" style="height:201px;width:200px;" /&gt;&lt;/p&gt;
&lt;p&gt;Under 2020 påbörjades resningen av den nya obelisken, som består av bohuslänsk granit från Tossene och har liknande tekniska och estetiska egenskaper som den ursprungliga.&lt;/p&gt;
&lt;p&gt;&lt;strong&gt;&lt;u&gt;Earthcachen&lt;/u&gt;&lt;/strong&gt;&lt;/p&gt;
&lt;p&gt;Om du vill logga den här earthcachen som "found" så ska du besöka koordinaterna ovan som leder till Obelisken på Slottsbacken. Du ska även svara på frågorna här nedanför.&lt;/p&gt;
&lt;p&gt;1. Kolla på överdelen av Obelisken (ej sockeln): Är graniten finkornig eller grovkornig? Är graniten mycket eller lite finkornig/grovkornig? Vilken färg har har Obelisken? Vad tror du att graniten innehåller mycket av (av kvarts, kalifältsspat, plagioklas med mera) med tanke på granitens färg?&lt;/p&gt;
&lt;p&gt;2. Granit är en av de vanligaste bergarterna. Med tanke på hur granit bildas, varför tror du att granit är så pass vanlig?&lt;/p&gt;
&lt;p&gt;3. Varför tror du att man har använt granit till Obelisken? Brukar granit ha sprickor i sig? Är granit lätt att bryta sönder?&lt;/p&gt;
&lt;p&gt;Obs, frivilligt: ta en bild på dig och din GPS med Obelisken.&lt;/p&gt;
&lt;p&gt;Skicka svaren på frågorna till mig via mail. Du behöver inte vänta på bekräftelse från mig men om det skulle vara något fel så kontaktar jag dig. Kom ihåg att inte skriva några svar i loggen. Loggar som inte uppfyller dessa krav kommer att raderas.&lt;/p&gt;
&lt;p&gt;&lt;strong&gt;Eng:&lt;/strong&gt;&lt;/p&gt;
&lt;p&gt;&lt;strong&gt;&lt;u&gt;Granite&lt;/u&gt;&lt;/strong&gt;&lt;/p&gt;
&lt;p&gt;&lt;strong&gt;Granite &lt;/strong&gt;is one of the most common rocks in the continental crust of the earth. Granite is a magmatic rock, which means that it is created when magma deep down in earth goes through a slow cooling process. Granite has a rough structure. Large part of Swedens bedrock consists of granite, mostly in Småland and in Norrland.&lt;/p&gt;
&lt;p&gt;The term 'granite' also applies to a group of intrusive igneous rocks with similar textures and slight variations on composition and origin. These rocks mainly consist of feldspar (white or pink), quartz (grey), plagioclase (white) and various amounts of muscovite (light), biotite (black) and hornblende (black) .&lt;/p&gt;
&lt;p&gt;&lt;img alt src="https://d1u1p2xjjiahg3.cloudfront.net/8a056c85-f5c3-419d-9d70-7e3f82f6e558.jpg" style="height:225px;width:300px;" /&gt;&lt;/p&gt;
&lt;p&gt;&lt;strong&gt;&lt;u&gt;Igneous rock&lt;/u&gt;&lt;/strong&gt;&lt;/p&gt;
&lt;p&gt;Granite is an Igneous rock, intrusive igneous rock to be more specific. Igneous rock is created when magma cools down and solidifies in or on earths crust. Igneous rock may form with or without crystallization.&lt;/p&gt;
&lt;p&gt;Volcanic rock is a rock formed from magma erupted from a volcano. The magma solidifies fast and as a result of that, volcanic rocks are usually fine-grained or aphanitic to glass in texture.&lt;/p&gt;
&lt;p&gt;Intrusive igneous rocks are formed when magma is pressed against pre-existing rock because of pressure. The pre-existing rocks are colder which leads to that the magma slowly cools. That is how granite is created.&lt;/p&gt;
&lt;p&gt;&lt;img alt src="https://d1u1p2xjjiahg3.cloudfront.net/df9ccfa7-505b-4211-b5a9-0d8481f13e77.jpg" style="height:225px;width:300px;" /&gt;&lt;/p&gt;
&lt;p&gt;&lt;strong&gt;&lt;u&gt;Stockholm granite&lt;/u&gt;&lt;/strong&gt;&lt;/p&gt;
&lt;p&gt;Stockholm granite is a type of granite which can be found in the Stockholm region. The granite is approximately 1800 millions year old and comes from the primary rock in Stockholm. Like all types of granite it is formed when magma slowly cools deep down in the earths crust. It is often gray with black grains and sometimes have red crystals out of feldspar. It is used for cobblestone, masonry and so forth.&lt;/p&gt;
&lt;p&gt;&lt;strong&gt;&lt;u&gt;Bohus granite&lt;/u&gt;&lt;/strong&gt;&lt;/p&gt;
&lt;p&gt;Bohus granite is the youngest granite in Swedens bedrock with an age of about 900 million years. The granite is a reddish or grey granite wich can be found in amongst other in northern Bohuslän. The granite has a fine to medium grained structure.&lt;/p&gt;
&lt;p&gt;&lt;strong&gt;&lt;u&gt;The Obelisk at Slottsbacken&lt;/u&gt;&lt;/strong&gt;&lt;/p&gt;
&lt;p&gt;The Obelisk is 22 meters tall and was raised in 1798 to 1800. It is made out of Stockholm granite and the granite is from Ulvsunda, Sweden.&lt;/p&gt;
&lt;p&gt;During 2017 to 2020 the obelisk was renovated due to the fact that the parts was quite damaged and was replaced with new building blocks from "Bohuslän", Sweden.&lt;/p&gt;
&lt;p&gt;&lt;strong&gt;&lt;u&gt;This earthcache&lt;/u&gt;&lt;/strong&gt;&lt;/p&gt;
&lt;p&gt;If you want to log this earthcache you have to visit the above coordinates which leads to the Obelisk at Slottsbacken. To log this cache you also have to answer the questions.&lt;/p&gt;
&lt;p&gt;Update: From now on I will not answer every email with answers. Send me your answer and then log the earthcache, and if you have to send new answers then I will contact you.&lt;/p&gt;
&lt;p&gt;1. Look at the granite of the upper part of the Obelisk (not the base of the Obelisk): Is the granite rough-grained or fine-grained? Is it very or little rough-grained or fine-grained? What colour does the Obelisk have? What do you think the granite mostly consists of (If its consists most of feldspar, quartz, plagioclase and so forth) because of its colour?&lt;/p&gt;
&lt;p&gt;2. Granite is one of the most common rocks. Why do you think that?&lt;/p&gt;
&lt;p&gt;3. Why do you think that granite is used for the Obelisk? Does granite often have cracks in it? Does granite easily break?&lt;/p&gt;
&lt;p&gt;If you want you can upload a picture of you and your GPS with the obelisk. This is not a requirement.&lt;/p&gt;
&lt;p&gt;Email me your answers. You dont need to wait for my confirmation but if there is something wrong i will contact you. Remember to not write the anwers in the log. Logs which dont fulfill the requirements to log will be deleted.&lt;/p&gt;
&lt;p&gt;&lt;img alt src="https://d1u1p2xjjiahg3.cloudfront.net/86608e7f-4559-4990-875c-714c14f5101f.jpg" style="height:200px;width:800px;" /&gt;&lt;/p&gt;
&lt;p&gt;&lt;a href="http://info.flagcounter.com/5HES"&gt;&lt;img alt="Flag Counter" src="http://s09.flagcounter.com/count/5HES/bg_FFFFFF/txt_000000/border_CCCCCC/columns_4/maxflags_16/viewers_0/labels_0/pageviews_1/flags_0/" /&gt;&lt;/a&gt;&lt;/p&gt;

</groundspeak:long_description><groundspeak:encoded_hints /><groundspeak:logs><groundspeak:log id="1382183331"><groundspeak:date>2026-09-01T12:00:00</groundspeak:date><groundspeak:type>Found it</groundspeak:type><groundspeak:finder id="6704036">brisen60</groundspeak:finder><groundspeak:text encoded="false">Today DeLaTrick and we visited Stockholm. Our way brought us to this interesting earthcache.

Vielen Dank an **coland**.

**Besten Gruß - brisen60**</groundspeak:text></groundspeak:log><groundspeak:log id="1382064534"><groundspeak:date>2026-08-31T12:00:00</groundspeak:date><groundspeak:type>Found it</groundspeak:type><groundspeak:finder id="2034679">Aljonis</groundspeak:finder><groundspeak:text encoded="false">Thanks for showing us this place with the Obelisk. 
♥️lichen Dank fürs Herlocken an coland
Sonnige Grüße und 1FavUp Aljonis 🍀</groundspeak:text></groundspeak:log><groundspeak:log id="1381070081"><groundspeak:date>2026-08-26T12:00:00</groundspeak:date><groundspeak:type>Found it</groundspeak:type><groundspeak:finder id="2020538">f1nn</groundspeak:finder><groundspeak:text encoded="false">On our walk through Gamla stan we stopped at the obelisk.

Together with butterfly-n25
Hälsningar från Österrike! 🇦🇹
TFTC f1nn</groundspeak:text></groundspeak:log><groundspeak:log id="1380989559"><groundspeak:date>2026-08-26T12:00:00</groundspeak:date><groundspeak:type>Found it</groundspeak:type><groundspeak:finder id="24808564">Dandyz</groundspeak:finder><groundspeak:text encoded="false">Took a trip to the Stockholm to finish off some remaining caches on my map. Luckily, I cleared most of them.

​Thanks to all the owners. The boxes were in good condition unless stated otherwise below. I wish you many more finds with minimal maintenance.


....../ )
.....' /
---' (_____
.TFTC . ((__)
..... _ (((___)
....... -'((__)
--.___((_)</groundspeak:text></groundspeak:log><groundspeak:log id="1381012014"><groundspeak:date>2026-08-24T12:00:00</groundspeak:date><groundspeak:type>Found it</groundspeak:type><groundspeak:finder id="1858750">ronija</groundspeak:finder><groundspeak:text encoded="false">Hello,
Sztokholmskie keszowanie na luzie, zgodnie ze szwedzką tradycją "fika" 🙂 Luz, zero pośpiechu, przyjemność na całego. Posiedzieliśmy tu chwilę przez odprawą warty. Pzdr, Wojtek</groundspeak:text></groundspeak:log><groundspeak:log id="1161856765"><groundspeak:date>2023-04-22T12:00:00</groundspeak:date><groundspeak:type>Found it</groundspeak:type><groundspeak:finder id="24157615">mikkokalevi</groundspeak:finder><groundspeak:text encoded="false">I visited the obelisk and posted the answers through the message center. here's another picture as proof of visiting the place</groundspeak:text></groundspeak:log></groundspeak:logs></groundspeak:cache></wpt><wpt lat="59.322667" lon="18.073333"><time>2018-02-19T00:00:00</time><name>GC7B78D</name><desc>Meet some Swedish celebrities! by 6wyn</desc><url>https://www.geocaching.com/geocache/GC7B78D</url><urlname>Meet some Swedish celebrities!</urlname><sym>Geocache Found</sym><type>Geocache|Virtual Cache</type><groundspeak:cache id="6388216" available="true" archived="false"><groundspeak:name>Meet some Swedish celebrities!</groundspeak:name><groundspeak:placed_by>6wyn</groundspeak:placed_by><groundspeak:owner id="1715426">6wyn</groundspeak:owner><groundspeak:type>Virtual Cache</groundspeak:type><groundspeak:container>Virtual</groundspeak:container><groundspeak:attributes><groundspeak:attribute id="24" inc="1">Wheelchair accessible</groundspeak:attribute><groundspeak:attribute id="6" inc="1">Recommended for kids</groundspeak:attribute><groundspeak:attribute id="41" inc="1">Stroller accessible</groundspeak:attribute><groundspeak:attribute id="1" inc="1">Dogs</groundspeak:attribute><groundspeak:attribute id="13" inc="1">Available 24/7</groundspeak:attribute><groundspeak:attribute id="25" inc="0">Parking nearby</groundspeak:attribute><groundspeak:attribute id="55" inc="1">Short hike (&lt;1 km)</groundspeak:attribute><groundspeak:attribute id="59" inc="1">Food nearby</groundspeak:attribute><groundspeak:attribute id="26" inc="1">Public transportation nearby</groundspeak:attribute></groundspeak:attributes><groundspeak:difficulty>1.5</groundspeak:difficulty><groundspeak:terrain>1</groundspeak:terrain><groundspeak:country>Sweden</groundspeak:country><groundspeak:state>Stockholm</groundspeak:state><groundspeak:short_description>
</groundspeak:short_description><groundspeak:long_description>&lt;h2&gt;SWE&lt;/h2&gt;
&lt;p style="font-family:Garamond;font-size:130%;text-align:left;"&gt;Stockholm är en stad som är fylld med konst och konstverk, med allt ifrån små bronsbystar och väggmålningar till enorma statyer av forna dagars kungar och drottningar. Den här cachen fokuserar på de många statyer som finns av forna kändisar inom kultur och vetenskap.&lt;/p&gt;
&lt;center&gt;&lt;img src="https://upload.wikimedia.org/wikipedia/commons/8/80/Jarntorget_Taube_mars_2007.JPG" height="600" width="480" /&gt;&lt;/center&gt;
&lt;p style="font-family:Garamond;font-size:130%;text-align:left;"&gt;För att få logga den här cachen, behöver du besöka åtminstone 2 olika statyer av svenska kultur- eller vetenskapscelebriteter, enligt punktlistan nedan. Besöken behöver inte göras på samma dag.&lt;/p&gt;
&lt;ul style="font-family:Garamond;font-size:130%;text-align:left;"&gt;
&lt;li&gt;Evert Taube vid startkoordinaterna&lt;/li&gt;
&lt;li&gt;En annan, valfri, staty på en kulturell eller vetenskaplig celebritet, utifrån listan med waypoints nedan.&lt;/li&gt;
&lt;/ul&gt;
&lt;p style="font-family:Garamond;font-size:130%;text-align:left;"&gt;För att visa att du varit på platsen så måste du ta ett foto på dig själv och/eller din GPS vid varje staty. Inkludera även namnet på de statyer som du har besökt i din logg. Vänligen skicka inga foton i privat meddelande till mig, bara foton i loggen accepteras. &lt;b&gt;Loggar som inte fullföljer dessa villkor kommer att raderas utan föregående varning.&lt;/b&gt;&lt;br /&gt;
&lt;br /&gt;
Om du hittar en staty som inte är inkluderad i waypointsen nedan så är du givetvis välkommen att logga med den, under förutsättning att nedanstående regler uppfylls:&lt;br /&gt;&lt;/p&gt;
&lt;ul style="font-family:Garamond;font-size:130%;text-align:left;"&gt;
&lt;li&gt;Statyn finns innanför Stockholms tullar (är du osäker så kan du använda vägtullarna som referens)&lt;/li&gt;
&lt;li&gt;Endast kändisar inom kultur eller vetenskap godkänns (uppfinnare, författare, skådespelare, musiker, kemister etc), inga kungar/drottningar, politiker eller fantasifigurer.&lt;/li&gt;
&lt;li&gt;Statyn måste visa personens hela kropp, dvs byster, etsningar, tavlor och liknande är inte ok.&lt;/li&gt;
&lt;/ul&gt;
&lt;h2&gt;ENG&lt;/h2&gt;
&lt;p style="font-family:Garamond;font-size:130%;text-align:left;"&gt;Stockholm is a city which is filled with art, ranging from small bronze busts to enormous statues of kings and queens from the past. This cache however focus on the many statues of cultural celebrities.&lt;/p&gt;
&lt;p style="font-family:Garamond;font-size:130%;text-align:left;"&gt;In order to log this cache as found, your task is to visit at least 2 differences statues of Swedish cultural celebrities according to the conditions given below. You dont necessarily have to visit both of them at the same day.&lt;/p&gt;
&lt;ul style="font-family:Garamond;font-size:130%;text-align:left;"&gt;
&lt;li&gt;Evert Taube at the given coordinates&lt;/li&gt;
&lt;li&gt;Another statue of a cultural or science celebrity of your own choice, according to the provides list of waypoints.&lt;/li&gt;
&lt;/ul&gt;
&lt;p style="font-family:Garamond;font-size:130%;text-align:left;"&gt;Take a photo of you and/or your GPS at each location to prove that you've been there, and include the name of the statues that you've visited in your log. Please do not send any images to me by message, only images in the log is accepted. &lt;b&gt;Logs that doesn't fullfill these requirements will be removed without warning.&lt;/b&gt;&lt;br /&gt;
&lt;br /&gt;
If you find some statue that aren't included in the waypoints you are more than welcome to include that one in your log, as long as the following rules are fulfilled:&lt;br /&gt;&lt;/p&gt;
&lt;ul style="font-family:Garamond;font-size:130%;text-align:left;"&gt;
&lt;li&gt;The statue must be located within the tollgates (if you are unsure of the limits, us the road tolls as reference)&lt;/li&gt;
&lt;li&gt;Only cultural or science celebrities (actors, authors, musicians, inventors etc.), no kings/queens, politicians or fantasy figures.&lt;/li&gt;
&lt;li&gt;The statue must show the whole body; busts, etchings, paintings etc. is not ok.&lt;/li&gt;
&lt;/ul&gt;
&lt;h4&gt;Virtual Reward - 2017/2018&lt;/h4&gt;
&lt;p style="font-family:Garamond;font-size:130%;text-align:left;"&gt;This Virtual Cache is part of a limited release of Virtuals created between August 24, 2017 and August 24, 2018. Only 4,000 cache owners were given the opportunity to hide a Virtual Cache. Learn more about Virtual Rewards on the &lt;a href="https://www.geocaching.com/blog/2017/08/virtual-rewards/"&gt;Geocaching Blog&lt;/a&gt;.&lt;/p&gt;

</groundspeak:long_description><groundspeak:encoded_hints /><groundspeak:logs><groundspeak:log id="1382285000"><groundspeak:date>2026-09-02T12:00:00</groundspeak:date><groundspeak:type>Found it</groundspeak:type><groundspeak:finder id="47809071">GoldFuchs1</groundspeak:finder><groundspeak:text encoded="false">Thank you for the cache. Greetings from Germany.</groundspeak:text></groundspeak:log><groundspeak:log id="1382282127"><groundspeak:date>2026-09-01T20:01:33</groundspeak:date><groundspeak:type>Found it</groundspeak:type><groundspeak:finder id="1557211">TZ Toy</groundspeak:finder><groundspeak:text encoded="false">Henny Penny and I chose the two closest to our place (Evert Tavbe and Olaus Petri). However we anticipate seeing more as we explore outside of Gamla Stan. TFTH </groundspeak:text></groundspeak:log><groundspeak:log id="1382174007"><groundspeak:date>2026-09-01T12:00:00</groundspeak:date><groundspeak:type>Found it</groundspeak:type><groundspeak:finder id="6704036">brisen60</groundspeak:finder><groundspeak:text encoded="false">An unserem zweiten Tag in Schweden sind DeLaTrick und wir in Stockholm angekommen.
Heute ging es kreuz und quer durch die ganze City. Unterwegs haben wir viele Dosen und virtuelle Caches gefunden.

Vielen Dank an **6wyn** fürs Legen und Pflegen.

**Besten Gruß - brisen60**</groundspeak:text></groundspeak:log><groundspeak:log id="1382060297"><groundspeak:date>2026-08-31T12:00:00</groundspeak:date><groundspeak:type>Found it</groundspeak:type><groundspeak:finder id="2034679">Aljonis</groundspeak:finder><groundspeak:text encoded="false">Aljonis with Nicodemus Tessin the Elder😁👍.
♥️lichen Dank fürs Herlocken an 6wyn
Sonnige Grüße Aljonis 🍀</groundspeak:text></groundspeak:log><groundspeak:log id="1381656032"><groundspeak:date>2026-08-30T10:44:47</groundspeak:date><groundspeak:type>Found it</groundspeak:type><groundspeak:finder id="19949769">Nettanelo</groundspeak:finder><groundspeak:text encoded="false">Tack för en trevlig vandring, trots att det regnade lite. Hittade bla Taube 👻. </groundspeak:text></groundspeak:log><groundspeak:log id="1161509410"><groundspeak:date>2023-04-22T12:00:00</groundspeak:date><groundspeak:type>Found it</groundspeak:type><groundspeak:finder id="24157615">mikkokalevi</groundspeak:finder><groundspeak:text encoded="false">En dagsvandring i Stockholm, med syfte att få olika typer av upptäckter, detta var en av dem. tack för geocache.</groundspeak:text></groundspeak:log></groundspeak:logs></groundspeak:cache></wpt><wpt lat="59.3251" lon="18.070817"><time>2023-04-22T12:00:00</time><name>GCA6W15</name><desc>ällös ohi kävele (don't walk by) by mikkokalevi</desc><url>https://www.geocaching.com/geocache/GCA6W15</url><urlname>ällös ohi kävele (don't walk by)</urlname><sym>Geocache Found</sym><type>Geocache|Event Cache</type><groundspeak:cache id="9028819" available="false" archived="true"><groundspeak:name>ällös ohi kävele (don't walk by)</groundspeak:name><groundspeak:placed_by>mikkokalevi</groundspeak:placed_by><groundspeak:owner id="24157615">mikkokalevi</groundspeak:owner><groundspeak:type>Event Cache</groundspeak:type><groundspeak:container>Other</groundspeak:container><groundspeak:attributes><groundspeak:attribute id="24" inc="1">Wheelchair accessible</groundspeak:attribute><groundspeak:attribute id="6" inc="1">Recommended for kids</groundspeak:attribute><groundspeak:attribute id="41" inc="1">Stroller accessible</groundspeak:attribute><groundspeak:attribute id="1" inc="1">Dogs</groundspeak:attribute><groundspeak:attribute id="8" inc="1">Scenic view</groundspeak:attribute><groundspeak:attribute id="7" inc="1">Takes less than one hour</groundspeak:attribute><groundspeak:attribute id="59" inc="1">Food nearby</groundspeak:attribute><groundspeak:attribute id="27" inc="1">Drinking water nearby</groundspeak:attribute></groundspeak:attributes><groundspeak:difficulty>1</groundspeak:difficulty><groundspeak:terrain>1</groundspeak:terrain><groundspeak:country>Sweden</groundspeak:country><groundspeak:state>Stockholm</groundspeak:state><groundspeak:short_description>&lt;b&gt;22 April 2023, 12:00 - 12:30&lt;/b&gt;</groundspeak:short_description><groundspeak:long_description>&lt;p&gt;Don&amp;#39;t walk by. Welcome to chat about geocaching and more in either Finnish or English.&lt;/p&gt;
</groundspeak:long_description><groundspeak:encoded_hints /><groundspeak:logs><groundspeak:log id="1169087026"><groundspeak:date>2023-05-23T09:00:13</groundspeak:date><groundspeak:type>Archived</groundspeak:type><groundspeak:finder id="617010">Geocaching HQ Admin</groundspeak:finder><groundspeak:text encoded="false">Thank you for hosting this geocaching Event! The date of the Event has passed. We automatically archive Events after 30 days (60 days for Mega- and Giga-Events). Attendees can still log archived Events, log trackables, and share their experiences.</groundspeak:text></groundspeak:log><groundspeak:log id="1164873240"><groundspeak:date>2023-04-22T12:27:05</groundspeak:date><groundspeak:type>Unknown</groundspeak:type><groundspeak:finder id="16179844">6ten</groundspeak:finder><groundspeak:text encoded="false">A nice little meeting on this pretty warm day, with surprisingly many tourists around. Hope you had a nice stay here!

**Thank you for the event!** [:D]</groundspeak:text></groundspeak:log><groundspeak:log id="1162363594"><groundspeak:date>2023-04-22T12:00:00</groundspeak:date><groundspeak:type>Unknown</groundspeak:type><groundspeak:finder id="3680651">Bernike</groundspeak:finder><groundspeak:text encoded="false">It was a very short visit from me, I came here on my break and I had to hurry back to work. Nice seeing you, hope you had a nice stay! Kiitos for the event! 😊

Loggen signerades med blå penna. Varför denna info? Ifall remsan blir blöt och texten suddas en aning, så hittar man sin logg lättare 😉

På loggandets dag hade cachen följande egenskaper:

D 1.0 
T 1.0 
Other 
Event Cache</groundspeak:text></groundspeak:log><groundspeak:log id="1162120130"><groundspeak:date>2023-04-22T12:00:00</groundspeak:date><groundspeak:type>Unknown</groundspeak:type><groundspeak:finder id="9022508">Micke70</groundspeak:finder><groundspeak:text encoded="false">Tfte !!! Besökte eventet.

Snabbt hittad och loggad.

Tack för burken !!!

Blev först en tur in till Gamla stan. Sen åkte jag och rogernordin ut mot Gustavsberg och loggade lite burkar.

Den här var en av dom burkar som jag loggade idag.

😀😀 😀😀 😀😀 😀😀 😀😀

Alltid finns det något som man behöver logga. En dagens burk ... en dagens LAB ... ett dagens event ... en dagens tradd ... en dagens myst ... en dagens multi ... en dagens letterbox ... en dagens WIG ... en dagens other ... en dagens micro ... en dagens small ... en dagens regular ... en dagens large ... en dagens fyrkantig ... en dagens rund ... en dagens T5a ... och så vidare. Listan kan ju göras hur lång som helst. Behövs ju bara en anledning för att logga en burk eller två...

Cachiiing !!</groundspeak:text></groundspeak:log><groundspeak:log id="1162011167"><groundspeak:date>2023-04-22T12:00:00</groundspeak:date><groundspeak:type>Unknown</groundspeak:type><groundspeak:finder id="12931897">mikano66</groundspeak:finder><groundspeak:text encoded="false">Idag hade jag och L8 bestämt oss för att vara med på det här eventet. Men innan det så träffade rogernordin för att fixa några saker. När sen eventet startade så var vi på plats och efter ett tag så hittade vi även EO en bit från där vi stod. Idag var det förvånansvärt få på plats men det var mycket trevligt ändå och man hann med en hel del geopladder.

Stort tack mikkokalevi för det här eventet!</groundspeak:text></groundspeak:log><groundspeak:log id="1161447509"><groundspeak:date>2023-04-22T12:00:00</groundspeak:date><groundspeak:type>Unknown</groundspeak:type><groundspeak:finder id="24157615">mikkokalevi</groundspeak:finder><groundspeak:text encoded="false">En dagsvandring i Stockholm, med syfte att få olika typer av upptäckter, detta var en av dem.  tack till geocacherna som besökte träffen.</groundspeak:text></groundspeak:log></groundspeak:logs></groundspeak:cache></wpt><wpt lat="59.3159" lon="18.07955"><time>2010-02-06T00:00:00</time><name>GC23JTP</name><desc>Katarina kyrka by Möjagumman</desc><url>https://www.geocaching.com/geocache/GC23JTP</url><urlname>Katarina kyrka</urlname><sym>Geocache Found</sym><type>Geocache|Multi-cache</type><groundspeak:cache id="1543390" available="false" archived="true"><groundspeak:name>Katarina kyrka</groundspeak:name><groundspeak:placed_by>Möjagumman</groundspeak:placed_by><groundspeak:owner id="2378037">Möjagumman</groundspeak:owner><groundspeak:type>Multi-cache</groundspeak:type><groundspeak:container>Small</groundspeak:container><groundspeak:attributes><groundspeak:attribute id="42" inc="1">Needs maintenance</groundspeak:attribute><groundspeak:attribute id="41" inc="1">Stroller accessible</groundspeak:attribute><groundspeak:attribute id="13" inc="1">Available 24/7</groundspeak:attribute><groundspeak:attribute id="7" inc="1">Takes less than one hour</groundspeak:attribute><groundspeak:attribute id="15" inc="1">Available in winter</groundspeak:attribute></groundspeak:attributes><groundspeak:difficulty>1</groundspeak:difficulty><groundspeak:terrain>1.5</groundspeak:terrain><groundspeak:country>Sweden</groundspeak:country><groundspeak:state>Stockholm</groundspeak:state><groundspeak:short_description>En tvåstegs multi vid Katarina kyrka. Kyrkan och platsen har en
lång och dramatisk historia. A two step multi by the Katarina
Church. The Church and the place have a long and dramatic history.</groundspeak:short_description><groundspeak:long_description>&lt;div class="WordSection1"&gt;
&lt;p class="MsoNormal"&gt;&lt;span lang="EN-US" style=
'mso-ansi-language:EN-US' xml:lang="EN-US"&gt;The co-ordinates lead
you to the western gate into the church yard at &lt;span class=
"SpellE"&gt;Högbergsgatan&lt;/span&gt;. To the right of the gate there is an
electrical cabinet with a four digit sign = ABCD. To find the
cache&lt;span class="GramE"&gt;:&lt;/span&gt;&lt;br /&gt;
&lt;b style='mso-bidi-font-weight:normal'&gt;reduce&lt;/b&gt; the north
co-ordinate with &lt;b style='mso-bidi-font-weight:normal'&gt;(DC -
10)&lt;/b&gt; and&lt;br /&gt;
&lt;b style='mso-bidi-font-weight:normal'&gt;increase&lt;/b&gt; the east
co-ordinate with &lt;b style='mso-bidi-font-weight:normal'&gt;(AB +
50).&lt;/b&gt;&lt;/span&gt;&lt;/p&gt;
&lt;p class="MsoNormal"&gt;&lt;b style=
'mso-bidi-font-weight:normal'&gt;&lt;span lang="EN-US" style=
'mso-ansi-language:EN-US' xml:lang="EN-US"&gt;&amp;nbsp;&lt;/span&gt;&lt;/b&gt;&lt;/p&gt;
&lt;/div&gt;
&lt;div class="Section1"&gt;
&lt;table class="MsoTableGrid" border="0" cellspacing="0" cellpadding=
"0" width="612" style=
'width:459.0pt;border-collapse:collapse;border:none;mso-yfti-tbllook: 1184;mso-padding-alt:0cm 5.4pt 0cm 5.4pt;mso-border-insideh:none;mso-border-insidev: none'&gt;
&lt;tr style='mso-yfti-irow:0;mso-yfti-firstrow:yes'&gt;
&lt;td width="431" valign="top" style=
'width:323.45pt;padding:0cm 5.4pt 0cm 5.4pt'&gt;
&lt;p class="MsoNoSpacing"&gt;&lt;b style=
'mso-bidi-font-weight:normal'&gt;&lt;span style=
'mso-fareast-language:SV;mso-no-proof:yes'&gt;&lt;img width="525" src=
"http://img.geocaching.com/cache/f104d60d-5e86-4b45-a657-e98a52ad8932.jpg" /&gt;&lt;/span&gt;&lt;/b&gt;&lt;/p&gt;
&lt;/td&gt;
&lt;td width="16" valign="top" style=
'width:11.8pt;padding:0cm 5.4pt 0cm 5.4pt'&gt;
&lt;p class="MsoNoSpacing"&gt;&lt;b style=
'mso-bidi-font-weight:normal'&gt;&lt;span style=
'mso-fareast-language:SV'&gt;&amp;nbsp;&lt;/span&gt;&lt;/b&gt;&lt;/p&gt;
&lt;/td&gt;
&lt;td width="165" valign="top" style=
'width:123.75pt;padding:0cm 5.4pt 0cm 5.4pt'&gt;
&lt;p class="MsoNoSpacing"&gt;&lt;b style=
'mso-bidi-font-weight:normal'&gt;&lt;span style=
'mso-fareast-language:SV;mso-no-proof:yes'&gt;&lt;img src=
"http://img.geocaching.com/cache/d9098164-8863-484d-b3c2-62c5c349e2bb.jpg" /&gt;&lt;/span&gt;&lt;/b&gt;&lt;/p&gt;
&lt;/td&gt;
&lt;/tr&gt;
&lt;tr style='mso-yfti-irow:1;mso-yfti-lastrow:yes'&gt;
&lt;td width="431" valign="top" style=
'width:323.45pt;padding:0cm 5.4pt 0cm 5.4pt'&gt;
&lt;p class="MsoNoSpacing" style='tab-stops:117.0pt'&gt;&lt;i style=
'mso-bidi-font-style: normal'&gt;&lt;span style=
'font-size:10.0pt;mso-fareast-language:SV'&gt;&lt;span style=
'mso-tab-count:1'&gt;&amp;nbsp;&amp;nbsp;&amp;nbsp;&amp;nbsp;&amp;nbsp;&amp;nbsp;&amp;nbsp;&amp;nbsp;&amp;nbsp;&amp;nbsp;&amp;nbsp;&amp;nbsp;&amp;nbsp;&amp;nbsp;&amp;nbsp;&amp;nbsp;&amp;nbsp;&amp;nbsp;&amp;nbsp;&amp;nbsp;&amp;nbsp;&amp;nbsp;&amp;nbsp;&amp;nbsp;&amp;nbsp;&amp;nbsp;&amp;nbsp;&amp;nbsp;&amp;nbsp;&amp;nbsp;&amp;nbsp;&amp;nbsp;&amp;nbsp;&amp;nbsp;&amp;nbsp;&amp;nbsp;&amp;nbsp;&amp;nbsp;&amp;nbsp;&amp;nbsp;&amp;nbsp;&amp;nbsp;&amp;nbsp;&amp;nbsp;&amp;nbsp;&amp;nbsp;&amp;nbsp;&amp;nbsp;&amp;nbsp;&amp;nbsp;&amp;nbsp;&lt;/span&gt;
Katarina kyrka&lt;/span&gt;&lt;/i&gt;&lt;/p&gt;
&lt;/td&gt;
&lt;td width="16" valign="top" style=
'width:11.8pt;padding:0cm 5.4pt 0cm 5.4pt'&gt;
&lt;p class="MsoNoSpacing"&gt;&lt;i style=
'mso-bidi-font-style:normal'&gt;&lt;span style=
'font-size:10.0pt;mso-fareast-language:SV'&gt;&amp;nbsp;&lt;/span&gt;&lt;/i&gt;&lt;/p&gt;
&lt;/td&gt;
&lt;td width="165" valign="top" style=
'width:123.75pt;padding:0cm 5.4pt 0cm 5.4pt'&gt;
&lt;p class="MsoNoSpacing" align="center" style='text-align:center'&gt;
&lt;i style='mso-bidi-font-style:normal'&gt;&lt;span style=
'font-size:10.0pt;mso-fareast-language: SV'&gt;Prinsessan
Katarina&lt;/span&gt;&lt;/i&gt;&lt;/p&gt;
&lt;/td&gt;
&lt;/tr&gt;
&lt;/table&gt;
&lt;p class="MsoNoSpacing"&gt;&lt;b style=
'mso-bidi-font-weight:normal'&gt;&lt;span style=
'mso-fareast-language:SV'&gt;&lt;br /&gt;
Katarina kyrka&lt;/span&gt;&lt;/b&gt; &lt;span style=
'mso-fareast-language:SV'&gt;byggdes på beställning av kung Karl X
Gustav åren 1656-1695. Att byggnadstiden blev så lång berodde på
församlingens svårigheter att skaffa de pengar som behövdes. Jean
de Vallé fick uppdraget att rita en barockkyrka i praktfull
kontinental stil. Kyrkan uppkallades efter Karl X Gustavs framlidna
mor, prinsessan Katarina av Sverige.&lt;br /&gt;
&lt;br /&gt;
Katarina kyrka ligger på historisk mark och det anses vila en
förbannelse över platsen. Enligt en sägen ska kyrktornet rasa två
gånger, vilket det också har gjort.&lt;br /&gt;
&lt;br /&gt;
Platsen omnämns första gången i samband med avrättningen av rikets
styresman Torgils Knutsson år 1306, en av flera händelser som ledde
fram till Håtunaleken och Nyköpings gästabud. Platsen förknippas
även med Stockholms blodbad då Kristian II av Danmark i oktober
1520 lät avrätta ett 80-tal av landets ledande herremän i Gamla
stan. De brändes och begravdes tillsammans med det uppgrävda och
skändade liket av Sten Sture d.y. i den nuvarande kyrkogårdens
sydvästra del.&lt;br /&gt;
&lt;br /&gt;
Katarina kyrka började byggas 1656 och i rummet ovanför sakristian
hölls förhören med de åtta Katarinahäxor som avrättades på
1670-talet. Under vittnesförhören berättas om några platser där
häxorna under förfärligt skrän och hemska riter brukar samlas inför
avresan till Blåkulla. Ett sådant ställe är kvarteret Häcklefjäll
nordväst om Katarina kyrka på andra sidan Högbergsgatan.
&lt;span style='mso-spacerun:yes'&gt;&amp;nbsp;&lt;/span&gt;&lt;br /&gt;
&lt;br /&gt;
Vid den stora Katarinabranden den 1 maj 1723 förstördes kyrkan
tillsammans med samtliga hus i omgivningen (ca 500 hus), ända ner
till varvet vid Tegelviken (nuvarande Vikingterminalen). Arkitekten
Göran Josuae Adelcrantz fick i uppgift att återuppbygga kyrkan och
den nyinvigdes 1724, men det åttkantiga tornet var helt färdigt
först 1739.&lt;br /&gt;
&lt;br /&gt;
Natten till den 17 maj 1990 brann Katarina kyrka för andra gången.
Kyrktornet störtade samman och föll genom kyrkvalvet. Kvar fanns i
stort sett bara kyrkans ytterväggar, men man lyckades att rädda
värdefulla textilier och kyrksilvret. Brandorsaken kunde inte
fastställas med säkerhet, men sannolikt hade det legat och pyrt
mellan taklagen i minst ett dygn innan branden flammade upp. Trots
att kyrkan var väl försäkrad krävdes omfattande insamlingar och för
detta bildades Stiftelsen Rädda Katarina. Kyrkan byggdes upp igen;
det gjordes klart att inga moderna byggmaterial skulle användas.
Som arkitekt för återuppbyggnaden utsågs slottsarkitekt Ove
Hidemark. Vid rekonstruktionen av byggnaden användes bland annat 52
000 handsmidda spikar, 120 000 stortegel av gammalt format från
Bältarbo tegelbruk, 5½ ton björknäver, 1 600 rutor med munblåst
färgat antikglas och 5 000 m² kopparplåt. 1995 kunde kyrkan
återinvigas av biskop Henrik Svenungsson.&lt;br /&gt;
&lt;br /&gt;
Katarina kyrkogård anlades i samband med att Katarina kyrka
byggdes. Det var en kal och sorglig plats utan träd eller gräs. Det
dröjde heller inte länge förrän gravplatserna inte räckte till. I
början av 1700-talet härjade pesten svårt i församlingen och
dödligheten i de fattiga gårdarna var stor. Församlingens
medlemmar, livgardet och krigsfångar jordades, liksom spinnhusets
och arrestlokalernas avlidna. I Fredmans Epistel nr 54 &lt;i style=
'mso-bidi-font-style: normal'&gt;Vid korpral Bomans grav på St.
Katrina kyrkogård&lt;/i&gt; diktar Bellman i mitten av 1770-talet om den
trängsel som länge rådde på kyrkogården.&lt;span style=
'mso-spacerun:yes'&gt;&amp;nbsp;&lt;/span&gt; (&lt;/span&gt;&lt;a href=
"http://sv.wikisource.org/wiki/Fredmans_epistel_n:o_54"&gt;http://sv.wikisource.org/wiki/Fredmans_epistel_n:o_54&lt;/a&gt;)&lt;br /&gt;

&lt;br /&gt;
&lt;span style='mso-fareast-language:SV'&gt;Några kända personer som är
begravda på Katarina kyrkogård är: Lars Wivallius, Cornelis
Vreeswijk, Stig Sjödin, Sven &amp;rdquo;Svenne Berka&amp;rdquo; Bergqvist,
Tosse Bark, Johan Bergenstråhle, Anna Lindh, Per Anders Fogelström
och Putte Wickman.&lt;br /&gt;
&lt;br /&gt;
Olle Carlsson är kyrkoherde i Katarina församling sedan 2009. 1998
tog han initiativ till Allhelgonamässan inom Katarina församling
och mässan är i dag Sveriges mest välbesökta.&lt;br /&gt;
&lt;br /&gt;
&lt;i style='mso-bidi-font-style:normal'&gt;Källor: wikipedia.se,
svenskakyrkan.se&lt;br /&gt;
&lt;br /&gt;&lt;/i&gt;* * * *&lt;br /&gt;
&lt;br /&gt;
Startkoordinaterna leder till den västra grinden in till
kyrkogården vid Högbergsgatan. Till höger om grinden finns ett
elskåp med fyra siffror = ABCD. För att hitta till gömman,&lt;br /&gt;
&lt;b style='mso-bidi-font-weight:normal'&gt;minska&lt;/b&gt; nordkoordinatens
sista siffror med &lt;b style='mso-bidi-font-weight:normal'&gt;(DC -
10)&lt;/b&gt; och&lt;br /&gt;
&lt;b style='mso-bidi-font-weight:normal'&gt;öka&lt;/b&gt; ostkoordinatens
sista siffror med &lt;b style='mso-bidi-font-weight:normal'&gt;(AB +
50)&lt;/b&gt;.&lt;br /&gt;
&lt;br /&gt;
Flanera gärna runt på den fina kyrkogården och titta in i den
vackra kyrkan!&lt;/span&gt;&lt;/p&gt;
&lt;/div&gt;
&lt;a href="http://s05.flagcounter.com/more/udW"&gt;&lt;img src=
"http://s05.flagcounter.com/count/udW/bg=FFFFFF/txt=000000/border=CCCCCC/columns=2/maxflags=12/viewers=0/labels=0/"
alt="free counters" border="0" /&gt;&lt;/a&gt;</groundspeak:long_description><groundspeak:encoded_hints /><groundspeak:logs><groundspeak:log id="1364907148"><groundspeak:date>2026-06-01T12:00:00</groundspeak:date><groundspeak:type>Found it</groundspeak:type><groundspeak:finder id="50267341">Alvacc</groundspeak:finder><groundspeak:text encoded="false">Micke70 och jag åkte till Multin vid Katarina Kyrka. Jag har varit vid den 2 ggr utan att hitta den och tog med Micke70 för att han loggat den. Tyvärr så hittade vi inte den och jag var i behov av en multi och DNF:at två under dagen, och nu tredje. Då börjar vi kolla efter denna arkiverade och efter mycket jobb att få fram Cachen så loggas den. Jippiyejshohej vilken skatt vi hittade. 
 Loggremsan är väldigt sliten och lägger i en zippåse med loggremsa i burken ( se bild) Tack Möjagumman för Cachen// CC </groundspeak:text></groundspeak:log><groundspeak:log id="1234253079"><groundspeak:date>2024-05-15T12:00:00</groundspeak:date><groundspeak:type>Found it</groundspeak:type><groundspeak:finder id="1197478">Ditch Bitch</groundspeak:finder><groundspeak:text encoded="false">Räknade ut koords i december 2022. Sökt här flera ggr under 2023 men cachen var oåtkomlig pga långvarig avspärrning. I dag gick det bättre att med lite spänst äntligen logga denna arkiverade cache! Synd att den behövde bli arkiverad... Ger en favoritpoäng.</groundspeak:text></groundspeak:log><groundspeak:log id="1228741975"><groundspeak:date>2024-04-20T12:00:00</groundspeak:date><groundspeak:type>Found it</groundspeak:type><groundspeak:finder id="5976622">Infoferret</groundspeak:finder><groundspeak:text encoded="false">TFTC Möjagumman for placing  this cache, number 14095 for me.

This was discovered by another member of 'Team Katarina ' while looking for a new cache nearby. I found some space to add my name to the logsheet. Many thanks for placing this cache and greetings from Wellington, New Zealand!</groundspeak:text></groundspeak:log><groundspeak:log id="1228716151"><groundspeak:date>2024-04-20T12:00:00</groundspeak:date><groundspeak:type>Found it</groundspeak:type><groundspeak:finder id="3721555">sällskap</groundspeak:finder><groundspeak:text encoded="false">TFTC. Loggad tillsammans med några från Event gänget. Tack för att du visade denna plats och en glad gubbe på karta oxå 😀0#geocaching
#groundspeak 
#geocachingse
#geocachingadventures 
#geocachingsweden 
#ilovegeocaching 
#foundit 
#geocache 
#geocacher
#TFTC
#trail
#cache
#outdoors 
#fitness
#geocaching_foto
#geocachingfun 
#geocaching­_pics 
#ingetjävlafilter</groundspeak:text></groundspeak:log><groundspeak:log id="1228705687"><groundspeak:date>2024-04-20T12:00:00</groundspeak:date><groundspeak:type>Found it</groundspeak:type><groundspeak:finder id="43178549">DonLanza</groundspeak:finder><groundspeak:text encoded="false">Snabbt hittad, tack för cachen! 😃</groundspeak:text></groundspeak:log><groundspeak:log id="1161446868"><groundspeak:date>2023-04-22T12:00:00</groundspeak:date><groundspeak:type>Found it</groundspeak:type><groundspeak:finder id="24157615">mikkokalevi</groundspeak:finder><groundspeak:text encoded="false">En dagsvandring i Stockholm, med syfte att få olika typer av upptäckter, detta var en av dem.  tack för geocache.</groundspeak:text></groundspeak:log></groundspeak:logs></groundspeak:cache></wpt><wpt lat="59.328466666666664" lon="18.06445"><time>2012-02-23T00:00:00</time><name>GC3ANAG</name><desc>Gamla Stan by mr_finder</desc><url>https://www.geocaching.com/geocache/GC3ANAG</url><urlname>Gamla Stan</urlname><sym>Geocache Found</sym><type>Geocache|Wherigo Cache</type><groundspeak:cache id="2677860" available="true" archived="false"><groundspeak:name>Gamla Stan</groundspeak:name><groundspeak:placed_by>mr_finder</groundspeak:placed_by><groundspeak:owner id="777412">mr_finder</groundspeak:owner><groundspeak:type>Wherigo Cache</groundspeak:type><groundspeak:container>Micro</groundspeak:container><groundspeak:attributes><groundspeak:attribute id="42" inc="1">Needs maintenance</groundspeak:attribute><groundspeak:attribute id="13" inc="1">Available 24/7</groundspeak:attribute><groundspeak:attribute id="7" inc="1">Takes less than one hour</groundspeak:attribute><groundspeak:attribute id="40" inc="1">Stealth required</groundspeak:attribute><groundspeak:attribute id="63" inc="1">Recommended for tourists</groundspeak:attribute><groundspeak:attribute id="26" inc="1">Public transportation nearby</groundspeak:attribute><groundspeak:attribute id="15" inc="1">Available in winter</groundspeak:attribute></groundspeak:attributes><groundspeak:difficulty>2</groundspeak:difficulty><groundspeak:terrain>2.5</groundspeak:terrain><groundspeak:country>Sweden</groundspeak:country><groundspeak:state>Stockholm</groundspeak:state><groundspeak:short_description>A walk in the "old town" of Stockholm.
</groundspeak:short_description><groundspeak:long_description>This is a very easy Wherigo. I made this Wherigo a long time ago, but it was not a geocache. Now I also added a box for all the geocachers.&lt;br /&gt;
&lt;br /&gt;
This Wherigo is made for tourist! So I made it so easy as possible.&lt;br /&gt;
&lt;b&gt;Starting Location&lt;/b&gt;&lt;br /&gt;
Take the subway to "Gamla stan". Go out on "Malartorget".&lt;br /&gt;
&lt;br /&gt;
&lt;a href="http://www.wherigo.com/cartridge/details.aspx?CGUID=2328a347-72ce-4915-92f7-aa0c26afb3d3" target="_blank"&gt;Click here to download the Wherigo&lt;/a&gt;
</groundspeak:long_description><groundspeak:encoded_hints>Magnetic on electric "box". </groundspeak:encoded_hints><groundspeak:logs><groundspeak:log id="1381837084"><groundspeak:date>2026-08-30T12:00:00</groundspeak:date><groundspeak:type>Found it</groundspeak:type><groundspeak:finder id="5458274">FionaCH</groundspeak:finder><groundspeak:text encoded="false">A lovely place to explore today, and a few caches picked up, including this one. A neat hide here, thank you.</groundspeak:text></groundspeak:log><groundspeak:log id="1381320853"><groundspeak:date>2026-08-28T16:58:10</groundspeak:date><groundspeak:type>Found it</groundspeak:type><groundspeak:finder id="5660998">janjorjack</groundspeak:finder><groundspeak:text encoded="false">Jtee and I are off on a grand adventure.  This time we are off to Sweden and the Aland Islands. It’s a new location for me so I am enjoying the sites and meeting new people too. Thanks for the smile.</groundspeak:text></groundspeak:log><groundspeak:log id="1381320815"><groundspeak:date>2026-08-28T16:58:01</groundspeak:date><groundspeak:type>Found it</groundspeak:type><groundspeak:finder id="164089">jtee</groundspeak:finder><groundspeak:text encoded="false">nice to get a wherigo in Stockholm.. thks for the fun </groundspeak:text></groundspeak:log><groundspeak:log id="1380351330"><groundspeak:date>2026-08-23T12:00:00</groundspeak:date><groundspeak:type>Found it</groundspeak:type><groundspeak:finder id="3925923">razhthak</groundspeak:finder><groundspeak:text encoded="false">Nice walk through gamla stan during my trip to Stockholm. TFTC</groundspeak:text></groundspeak:log><groundspeak:log id="1380200368"><groundspeak:date>2026-08-22T12:00:00</groundspeak:date><groundspeak:type>Found it</groundspeak:type><groundspeak:finder id="5223777">YamaGypsy</groundspeak:finder><groundspeak:text encoded="false">On a wonderful adventure with Waawhoo and TheBrecks for 3 weeks in a campervan. Today we got to explore Gamla Stan.  Tftc!</groundspeak:text></groundspeak:log><groundspeak:log id="1161446738"><groundspeak:date>2023-04-22T12:00:00</groundspeak:date><groundspeak:type>Found it</groundspeak:type><groundspeak:finder id="24157615">mikkokalevi</groundspeak:finder><groundspeak:text encoded="false">En dagsvandring i Stockholm, med syfte att få olika typer av upptäckter, detta var en av dem.  tack för geocache.</groundspeak:text></groundspeak:log></groundspeak:logs></groundspeak:cache></wpt><wpt lat="59.32528333333334" lon="18.071183333333334"><time>2006-02-14T00:00:00</time><name>GCTEQ6</name><desc>The Chairs by Ogniz</desc><url>https://www.geocaching.com/geocache/GCTEQ6</url><urlname>The Chairs</urlname><sym>Geocache Found</sym><type>Geocache|Unknown Cache</type><groundspeak:cache id="347828" available="false" archived="false"><groundspeak:name>The Chairs</groundspeak:name><groundspeak:placed_by>Ogniz</groundspeak:placed_by><groundspeak:owner id="449640">Ogniz</groundspeak:owner><groundspeak:type>Unknown Cache</groundspeak:type><groundspeak:container>Micro</groundspeak:container><groundspeak:attributes><groundspeak:attribute id="42" inc="1">Needs maintenance</groundspeak:attribute><groundspeak:attribute id="24" inc="1">Wheelchair accessible</groundspeak:attribute><groundspeak:attribute id="41" inc="1">Stroller accessible</groundspeak:attribute><groundspeak:attribute id="40" inc="1">Stealth required</groundspeak:attribute><groundspeak:attribute id="26" inc="1">Public transportation nearby</groundspeak:attribute><groundspeak:attribute id="15" inc="1">Available in winter</groundspeak:attribute></groundspeak:attributes><groundspeak:difficulty>3</groundspeak:difficulty><groundspeak:terrain>1</groundspeak:terrain><groundspeak:country>Sweden</groundspeak:country><groundspeak:state>Stockholm</groundspeak:state><groundspeak:short_description>
</groundspeak:short_description><groundspeak:long_description>&lt;br /&gt;
&lt;br /&gt;
&lt;table&gt;
&lt;tr&gt;
&lt;td&gt;&lt;img src="http://www.ogniz.se/Caches/TheChairs/quasimodo.jpg" /&gt;&lt;/td&gt;
&lt;td&gt;&lt;img src="http://www.ogniz.se/Caches/TheChairs/sten.jpg" /&gt;&lt;/td&gt;
&lt;td&gt;&lt;img src="http://www.ogniz.se/Caches/TheChairs/torgny.jpg" /&gt;&lt;/td&gt;
&lt;td&gt;&lt;img src="http://www.ogniz.se/Caches/TheChairs/geooran.jpg" /&gt;&lt;/td&gt;
&lt;td&gt;&lt;img src="http://www.ogniz.se/Caches/TheChairs/hamsun.jpg" /&gt;&lt;/td&gt;
&lt;/tr&gt;
&lt;tr&gt;
&lt;td&gt;&lt;font face="Verdana" size="2"&gt;Salvatore&lt;br /&gt;
Quasimodo&lt;/font&gt;&lt;/td&gt;
&lt;td&gt;&lt;font face="Verdana" size="2"&gt;&lt;b&gt;Sten Rudholm&lt;/b&gt;&lt;/font&gt;&lt;/td&gt;
&lt;td&gt;&lt;font face="Verdana" size="2"&gt;&lt;b&gt;Torgny Lindgren&lt;/b&gt;&lt;/font&gt;&lt;/td&gt;
&lt;td&gt;&lt;font face="Verdana" size="2"&gt;&lt;b&gt;Göran Malmqvist&lt;/b&gt;&lt;/font&gt;&lt;/td&gt;
&lt;td&gt;&lt;font face="Verdana" size="2"&gt;Knut Hamsun&lt;/font&gt;&lt;/td&gt;
&lt;/tr&gt;
&lt;tr&gt;
&lt;td colspan="5"&gt; &lt;/td&gt;
&lt;/tr&gt;
&lt;tr&gt;
&lt;td&gt;&lt;img src="http://www.ogniz.se/Caches/TheChairs/katarina.jpg" /&gt;&lt;/td&gt;
&lt;td&gt;&lt;img src="http://www.ogniz.se/Caches/TheChairs/gao.jpg" /&gt;&lt;/td&gt;
&lt;td&gt;&lt;img src="http://www.ogniz.se/Caches/TheChairs/lars.jpg" /&gt;&lt;/td&gt;
&lt;td&gt;&lt;img src="http://www.ogniz.se/Caches/TheChairs/bo.jpg" /&gt;&lt;/td&gt;
&lt;td&gt;&lt;img src="http://www.ogniz.se/Caches/TheChairs/mahfouz.jpg" /&gt;&lt;/td&gt;
&lt;/tr&gt;
&lt;tr&gt;
&lt;td&gt;&lt;font face="Verdana" size="2"&gt;&lt;b&gt;Katarina&lt;br /&gt;
Frostenson&lt;/b&gt;&lt;/font&gt;&lt;/td&gt;
&lt;td&gt;&lt;font face="Verdana" size="2"&gt;Gao Xingjian&lt;/font&gt;&lt;/td&gt;
&lt;td&gt;&lt;font face="Verdana" size="2"&gt;&lt;b&gt;Lars Forssell&lt;/b&gt;&lt;/font&gt;&lt;/td&gt;
&lt;td&gt;&lt;font face="Verdana" size="2"&gt;&lt;b&gt;Bo Ralph&lt;/b&gt;&lt;/font&gt;&lt;/td&gt;
&lt;td&gt;&lt;font face="Verdana" size="2"&gt;Naguib Mahfouz&lt;/font&gt;&lt;/td&gt;
&lt;/tr&gt;
&lt;/table&gt;
&lt;br /&gt;
&lt;br /&gt;
When you have logged the cache, take a walk about 15 steps to the north - look to the left. You'll understand...&lt;br /&gt;
&lt;center&gt;&lt;a href="http://gcvote.com"&gt;&lt;img src="http://gcvote.com/gcvote.php?bannertype=stars2&amp;amp;waypoint=GCTEQ6&amp;amp;language=en" /&gt;&lt;/a&gt;&lt;/center&gt;
&lt;center&gt;&lt;a href="http://geocheck.org/geo_inputchkcoord.php?gid=588191b1ed7d3e-ece1-4876-b980-6d57ffd8747c"&gt;&lt;img src="http://geocheck.org/geocheck_small.php?gid=588191b1ed7d3e-ece1-4876-b980-6d57ffd8747c" title="Check your solution" border="0" /&gt;&lt;/a&gt;&lt;/center&gt;

</groundspeak:long_description><groundspeak:encoded_hints>padlock, window shutter</groundspeak:encoded_hints><groundspeak:logs><groundspeak:log id="1382284405"><groundspeak:date>2026-09-02T16:17:37</groundspeak:date><groundspeak:type>Unknown</groundspeak:type><groundspeak:finder id="449640">Ogniz</groundspeak:finder><groundspeak:text encoded="false">Gone. Will be replaced.</groundspeak:text></groundspeak:log><groundspeak:log id="1379628908"><groundspeak:date>2026-08-19T12:00:00</groundspeak:date><groundspeak:type>Didn't find it</groundspeak:type><groundspeak:finder id="7463513">ErwinKarin</groundspeak:finder><groundspeak:text encoded="false">Wij zijn op reis met een groep van 29 geocachers uit Nederland en België om Oslo, Stockholm en Mariehamn te ontdekken. Tijdens deze trip geniet iedereen van de vrijheid om zijn eigen plan te trekken: geocachen, cultuur opsnuiven en de prachtige omgeving verkennen. Daarom gaat ieder op pad in kleine groepjes.

Wij, ErwinKarin, geocachen samen met Marcske57, Alwina0, KlimOpers en Zwarte-Panter en loggen onder de teamnaam VLNL.

Langs deze weg willen wij alle cache-eigenaren bedanken die deze mooie dagen en avonturen mogelijk hebben gemaakt. 

Dank voor het leggen en onderhouden van de cache!

Vi är på resa med en grupp på 29 geocachare från Nederländerna och Belgien för att upptäcka Oslo, Stockholm och Mariehamn. Här råder full frihet att göra precis det man vill: geocacha, ta del av kultur och njuta av den nya omgivningen. Därför ger sig alla ut i små grupper.

Vi, ErwinKarin, geocachar tillsammans med Marcske57, Alwina0, KlimOpers och Zwarte-Panter och loggar under teamnamnet VLNL.

Vi vill gärna tacka alla cacheägare som har gjort dessa härliga dagar möjliga. 

Tack för cachen!</groundspeak:text></groundspeak:log><groundspeak:log id="1373784412"><groundspeak:date>2026-07-20T12:00:00</groundspeak:date><groundspeak:type>Didn't find it</groundspeak:type><groundspeak:finder id="50726458">530414</groundspeak:finder><groundspeak:text encoded="false">Fant ikke denne dessverre </groundspeak:text></groundspeak:log><groundspeak:log id="1371116946"><groundspeak:date>2026-07-09T12:00:00</groundspeak:date><groundspeak:type>Found it</groundspeak:type><groundspeak:finder id="7769408">Team LP+MS</groundspeak:finder><groundspeak:text encoded="false">Fundet på vores lille mini ferie</groundspeak:text></groundspeak:log><groundspeak:log id="1365536379"><groundspeak:date>2026-06-06T12:00:00</groundspeak:date><groundspeak:type>Found it</groundspeak:type><groundspeak:finder id="4713964">Sensa-5</groundspeak:finder><groundspeak:text encoded="false">Schwedischer Nationalfeiertag in Schweden und wir waren bei den Feierlichkeiten vor dem königlichen Schloss hautnah dabei. Das war sehr beeindruckend. 
Aber nicht nur das wurde bestaunt, sondern auch Stockholm endeckt und dabei zahlreiche virtuelle Caches besucht und traditionelle sowie Mystery Caches gesucht. Einen Earthcache war auch dabei.
Unser Einheitslog möchten wir entschuldigen und soll in keinster Weise die Anerkennung der Mühen für die Hege und Pflege der Caches schmälern.
DfdC, Sensa-5

In einem Logbuch, ob groß ob klein, 
da muss auch unser Name rein.
Ob Vorne, Mitte, Hinten,
hier wird sich wohl ein Plätzchen finden.
So können wir auch weiter vorn im Logbuch stehen
und Du kannst unseren Eintrag nicht an letzter Stelle sehen.</groundspeak:text></groundspeak:log><groundspeak:log id="1161444469"><groundspeak:date>2023-04-22T12:00:00</groundspeak:date><groundspeak:type>Found it</groundspeak:type><groundspeak:finder id="24157615">mikkokalevi</groundspeak:finder><groundspeak:text encoded="false">En dagsvandring i Stockholm, med syfte att få olika typer av upptäckter, detta var en av dem.  tack för geocache.</groundspeak:text></groundspeak:log></groundspeak:logs></groundspeak:cache></wpt><wpt lat="59.32261666666667" lon="18.073166666666665"><time>2007-01-09T00:00:00</time><name>GC109NX</name><desc>The Iron Family by Kire1 (adopted by herrFamaxe)</desc><url>https://www.geocaching.com/geocache/GC109NX</url><urlname>The Iron Family</urlname><sym>Geocache Found</sym><type>Geocache|Letterbox Hybrid</type><groundspeak:cache id="521729" available="true" archived="false"><groundspeak:name>The Iron Family</groundspeak:name><groundspeak:placed_by>Kire1 (adopted by herrFamaxe)</groundspeak:placed_by><groundspeak:owner id="18264693">herrFamaxe</groundspeak:owner><groundspeak:type>Letterbox Hybrid</groundspeak:type><groundspeak:container>Small</groundspeak:container><groundspeak:attributes><groundspeak:attribute id="41" inc="1">Stroller accessible</groundspeak:attribute><groundspeak:attribute id="14" inc="1">Recommended at night</groundspeak:attribute><groundspeak:attribute id="40" inc="1">Stealth required</groundspeak:attribute><groundspeak:attribute id="15" inc="1">Available in winter</groundspeak:attribute></groundspeak:attributes><groundspeak:difficulty>3</groundspeak:difficulty><groundspeak:terrain>2</groundspeak:terrain><groundspeak:country>Sweden</groundspeak:country><groundspeak:state>Stockholm</groundspeak:state><groundspeak:short_description>
</groundspeak:short_description><groundspeak:long_description>This little story starts with an unhappy little boy. Your mission is to help him find his family and bring them home. You find him alone at the given coordinates in "Bollhustäppan" - the garden between "Bollhuset"/"The Finnish Church" and Trädgårdsgatan (close to Köpmangatan) in the beautiful Old Towm.
&lt;p&gt;&lt;img src="http://img.groundspeak.com/cache/bf57444f-94d2-4811-b15c-f8a986a8bba1.jpg" align="left" hspace="4" height="221" width="295" /&gt;&lt;/p&gt;
&lt;p&gt;&lt;big&gt;&lt;b&gt;&lt;u&gt;Step 1: Find him, console him!&lt;/u&gt;&lt;/b&gt;&lt;/big&gt;&lt;br /&gt;
Your first action is to console him. Please give the poor little Iron Boy some gift. People from all over the world come to pay him a visit and they leave him coins, toys, clothes etc in exchange for luck. He, perhaps the smallest statue in the world, just a palm high, sits quiet in his garden. Many people also rub his head for luck or wisdom. That's the reason of his shiny head! &lt;font color="red"&gt;&lt;b&gt;To complete the first step, please take and publish a photo of the Iron Boy with your gift&lt;/b&gt;&lt;/font&gt;.&lt;/p&gt;
&lt;p&gt;&lt;big&gt;&lt;b&gt;&lt;u&gt;Step 2: Find his Family!&lt;/u&gt;&lt;/b&gt;&lt;/big&gt;&lt;br /&gt;
The Iron family in despair is situated 340 meters from the Iron boy, in an angle of 221,7 degrees. Just like the Iron Boy, this is a rather unique statue, because it is movable! Please do some tranfers. Photos are ok, but not a condition for permission logging the box. Now the Iron Family is reunited - but unfortunately still far from home.&lt;/p&gt;
&lt;p&gt;&lt;img src="http://img.groundspeak.com/cache/b8b3bcd8-b38b-446b-b34d-07dda3e38e11.jpg" align="right" hspace="4" height="273" width="205" /&gt;&lt;/p&gt;
&lt;p&gt;&lt;big&gt;&lt;b&gt;&lt;u&gt;Step 3: Bring them home&lt;/u&gt;&lt;/b&gt;&lt;/big&gt; (figuratively speaking)&lt;br /&gt;
They live in a Market, a Square (in Swedish: "Torg") in the section of the city where you are, "Gamla stan" - you do not have to change district. The Market has got its name from the Familys name - the metal (in Swedish "Järn"). To get the place in the Square, where they live, please read the signs at the statue in step 2 (The Family) and translate the letters below:&lt;/p&gt;
&lt;p&gt;&lt;b&gt;&lt;font color="red"&gt;AAAAAAAAAAAA&lt;br /&gt;
BBBB CCCC&lt;br /&gt;
DDD EEEEEEEE&lt;br /&gt;
F GGGG&lt;br /&gt;
&lt;br /&gt;&lt;/font&gt;&lt;/b&gt;&lt;/p&gt;
&lt;div align="center"&gt;&lt;b&gt;&lt;font color="red"&gt;&lt;img src="http://img.groundspeak.com/cache/4a6983ca-2dcf-4125-9be0-0c0d90f3b99a.jpg" /&gt;&lt;/font&gt;&lt;/b&gt;&lt;/div&gt;
&lt;b&gt;&lt;font color="red"&gt;&lt;br /&gt;
&lt;br /&gt;&lt;/font&gt;&lt;/b&gt;
&lt;p&gt;&lt;b&gt;&lt;font color="red"&gt;You find their home in the square/market at:&lt;br /&gt;
&lt;b&gt;&lt;font color="red"&gt;E4A7 "C""O"B1E2B2E6&lt;br /&gt;
G3,C4 E8 A10D1&lt;/font&gt;&lt;/b&gt;&lt;/font&gt;&lt;/b&gt;&lt;/p&gt;
&lt;b&gt;&lt;br /&gt;&lt;/b&gt;
&lt;div align="center"&gt;&lt;b&gt;&lt;img src="http://img.groundspeak.com/cache/61ea529e-26f5-4c0b-aee0-8f7bc9a3c2b8.jpg" /&gt;&lt;/b&gt;&lt;/div&gt;
&lt;b&gt;&lt;br /&gt;&lt;/b&gt;
&lt;div align="left"&gt;&lt;b&gt;&lt;font color="blue"&gt;Please do not remove &lt;u&gt;&lt;big&gt;the stamp&lt;/big&gt;&lt;/u&gt; from the box! It belongs to The Iron Family!&lt;br /&gt;
Please draw a lot of attention to mugglers!!! Never ever trust them! (c; Therefore &lt;u&gt;please log the cache between 20:00 and 07:00&lt;/u&gt;.&lt;/font&gt;&lt;/b&gt;&lt;/div&gt;

</groundspeak:long_description><groundspeak:encoded_hints /><groundspeak:logs><groundspeak:log id="1382206766"><groundspeak:date>2026-09-01T23:28:52</groundspeak:date><groundspeak:type>Found it</groundspeak:type><groundspeak:finder id="1557211">TZ Toy</groundspeak:finder><groundspeak:text encoded="false">I like clever hides and this hit on all cylinders. Interesting places, good story, clever puzzle and a tricky find (not so much to find, but to retrieve). Henny Penny figured out the location by dinner time. We located what we thought was the cache, but it was too early in the evening to grab it. Had a nice dinner and came back about 9:30. It wasn’t where we thought. Didn’t take too much more searching to find it, but as an early log pointed out “it was way inside”. Went back to our room. Fabricated a TOTT. And made the grab about 10:00. Fav for sure. TFTH </groundspeak:text></groundspeak:log><groundspeak:log id="1382029140"><groundspeak:date>2026-08-31T12:00:00</groundspeak:date><groundspeak:type>Didn't find it</groundspeak:type><groundspeak:finder id="5458274">FionaCH</groundspeak:finder><groundspeak:text encoded="false">This cache came highly recommended to me - and I'm really glad we were able to do most of it. Loved the wee iron boy and we left an offering of a 2p coin! Sadly though, I couldn't get near enough to the final to retrieve due to many muggles - and I'm almost always in my bed during the suggested hours of finding! But not a wasted journey as not sure we would have visited the iron family otherwise. Thanks.</groundspeak:text></groundspeak:log><groundspeak:log id="1381437439"><groundspeak:date>2026-08-29T12:00:00</groundspeak:date><groundspeak:type>Found it</groundspeak:type><groundspeak:finder id="4520043">andrega</groundspeak:finder><groundspeak:text encoded="false">We found the final, but it is sooooo deep inside...

TFTC</groundspeak:text></groundspeak:log><groundspeak:log id="1381007855"><groundspeak:date>2026-08-24T12:00:00</groundspeak:date><groundspeak:type>Write note</groundspeak:type><groundspeak:finder id="1858750">ronija</groundspeak:finder><groundspeak:text encoded="false">Hello,
Sztokholmskie keszowanie na luzie, zgodnie ze szwedzką tradycją "fika" 🙂 Luz, zero pośpiechu, przyjemność na całego. Etapy odnalezione bez problemu, jednak moim zdaniem w finale nie było pojemnika z logbookiem 😟  Pzdr, Wojtek</groundspeak:text></groundspeak:log><groundspeak:log id="1380511066"><groundspeak:date>2026-08-23T12:00:00</groundspeak:date><groundspeak:type>Found it</groundspeak:type><groundspeak:finder id="2020538">f1nn</groundspeak:finder><groundspeak:text encoded="false">I had already solved the task at home, and when we passed by the final location on our walk through Gamla Stan this morning, we made a quick grab.

Together with butterfly-n25
Hälsningar från Österrike! 🇦🇹
TFTC f1nn</groundspeak:text></groundspeak:log><groundspeak:log id="1161444263"><groundspeak:date>2023-04-22T12:00:00</groundspeak:date><groundspeak:type>Found it</groundspeak:type><groundspeak:finder id="24157615">mikkokalevi</groundspeak:finder><groundspeak:text encoded="false">En dagsvandring i Stockholm, med syfte att få olika typer av upptäckter, detta var en av dem.  tack för geocache.</groundspeak:text></groundspeak:log></groundspeak:logs></groundspeak:cache></wpt><wpt lat="59.3212666666667" lon="18.0743333333333"><time>2020-10-28T00:00:00</time><name>GC8W9D7</name><desc>Guldbron - The Golden bridge by Tompalin</desc><url>https://www.geocaching.com/geocache/GC8W9D7</url><urlname>Guldbron - The Golden bridge</urlname><sym>Geocache Found</sym><type>Geocache|Traditional Cache</type><groundspeak:cache id="7790464" available="true" archived="false"><groundspeak:name>Guldbron - The Golden bridge</groundspeak:name><groundspeak:placed_by>Tompalin</groundspeak:placed_by><groundspeak:owner id="6690876">Tompalin</groundspeak:owner><groundspeak:type>Traditional Cache</groundspeak:type><groundspeak:container>Micro</groundspeak:container><groundspeak:attributes><groundspeak:attribute id="24" inc="1">Wheelchair accessible</groundspeak:attribute><groundspeak:attribute id="6" inc="1">Recommended for kids</groundspeak:attribute><groundspeak:attribute id="41" inc="1">Stroller accessible</groundspeak:attribute><groundspeak:attribute id="1" inc="1">Dogs</groundspeak:attribute><groundspeak:attribute id="8" inc="1">Scenic view</groundspeak:attribute><groundspeak:attribute id="13" inc="1">Available 24/7</groundspeak:attribute><groundspeak:attribute id="7" inc="1">Takes less than one hour</groundspeak:attribute><groundspeak:attribute id="32" inc="1">Bicycles</groundspeak:attribute><groundspeak:attribute id="55" inc="1">Short hike (&lt;1 km)</groundspeak:attribute><groundspeak:attribute id="63" inc="1">Recommended for tourists</groundspeak:attribute><groundspeak:attribute id="26" inc="1">Public transportation nearby</groundspeak:attribute><groundspeak:attribute id="15" inc="1">Available in winter</groundspeak:attribute></groundspeak:attributes><groundspeak:difficulty>1.5</groundspeak:difficulty><groundspeak:terrain>1</groundspeak:terrain><groundspeak:country>Sweden</groundspeak:country><groundspeak:state>Stockholm</groundspeak:state><groundspeak:short_description>
</groundspeak:short_description><groundspeak:long_description>&lt;h1&gt;Välkommen till Guldbron!&lt;/h1&gt;

&lt;p&gt;&lt;strong&gt;Guldbron&lt;/strong&gt;, formellt &lt;em&gt;Slussbron&lt;span style="font-size:10.8333px;"&gt;,&lt;/span&gt;&lt;/em&gt; är huvudbron för vägtrafik samt gående och cyklister som förbinder &lt;a href="https://sv.m.wikipedia.org/wiki/Gamla_stan" title="Gamla stan"&gt;Gamla stan&lt;/a&gt; med &lt;a href="https://sv.m.wikipedia.org/wiki/S%C3%B6dermalm" title="Södermalm"&gt;Södermalm&lt;/a&gt; i centrala &lt;a href="https://sv.m.wikipedia.org/wiki/Stockholm" title="Stockholm"&gt;Stockholm&lt;/a&gt;. Bron, som är en del i &lt;a href="https://sv.m.wikipedia.org/wiki/Projekt_Slussen" title="Projekt Slussen"&gt;Projekt Slussen&lt;/a&gt;, invigdes söndagen den 25 oktober 2020 och öppnades för trafik dagen därpå. På grund av sin färgsättning kallas den inofficiellt ofta &lt;em&gt;Guldbron&lt;/em&gt;. Livslängden beräknas till 120 år.&lt;/p&gt;

&lt;p&gt;BYOP!&lt;/p&gt;

&lt;h1&gt;Welcome to The golden bridge!&lt;/h1&gt;

&lt;p&gt; &lt;/p&gt;

&lt;p&gt;The golden bridge, formally Slussbron, is the main bridge for road traffic as well as pedestrians and cyclists who connect the Old Town with Södermalm in central Stockholm. The bridge, which is part of Project Slussen, was inaugurated on Sunday 25 October 2020 and opened for the following traffic days. Due to its color scheme, it is unofficially often called the Golden Bridge. Life expectancy is estimated at 120 years.&lt;/p&gt;
</groundspeak:long_description><groundspeak:encoded_hints>Spoiler picture
</groundspeak:encoded_hints><groundspeak:logs><groundspeak:log id="1382150200"><groundspeak:date>2026-09-01T18:01:49</groundspeak:date><groundspeak:type>Found it</groundspeak:type><groundspeak:finder id="44586689">sonjand</groundspeak:finder><groundspeak:text encoded="false">Bei unserem Ausflug schnell gefunden </groundspeak:text></groundspeak:log><groundspeak:log id="1382180930"><groundspeak:date>2026-09-01T12:00:00</groundspeak:date><groundspeak:type>Found it</groundspeak:type><groundspeak:finder id="3696982">DeLaTrick</groundspeak:finder><groundspeak:text encoded="false">Angefangen hat alles im Baltikum und nun sind brisen60 und wir auch endlich in Schweden angekommen. So langsam geht es jetzt schon wieder in Richtung Heimat, doch vorher wollten wir der schönen Stadt Stockholm noch einen Besuch abstatten. Nach fünf Jahren sind wir nun mal wieder in der Hauptstadt und wir haben wieder jede Menge fantastische Eindrücke und Erinnerungen mitnehmen können
Dabei kam das Thema Cachen natürlich auch nicht zu kurz, denn damit kann man eine Statdbesichtigung wunderbar verbinden. Hier sind wir dann auch gewesen und haben uns der Aufgabe gestellt.
Vielen Dank dafür, beste Grüße und

--- T4TC ---

Allt började i Baltikum, och nu har brisen60 och vi äntligen anlänt till Sverige. Vi är på väg hemåt i lugn takt, men innan dess ville vi besöka den vackra staden Stockholm. Vi är tillbaka i huvudstaden efter fem år, och återigen har vi samlat på oss massor av fantastiska intryck och minnen.
Naturligtvis fick geocaching också vara med på ett hörn, då det passar utmärkt ihop med sightseeing. Vi besökte denna plats och tog oss an utmaningen.
Stort tack, vänliga hälsningar och

--- T4TC ---</groundspeak:text></groundspeak:log><groundspeak:log id="1382177442"><groundspeak:date>2026-09-01T12:00:00</groundspeak:date><groundspeak:type>Found it</groundspeak:type><groundspeak:finder id="6704036">brisen60</groundspeak:finder><groundspeak:text encoded="false">An unserem zweiten Tag in Schweden sind DeLaTrick und wir in Stockholm angekommen.
Heute ging es kreuz und quer durch die ganze City. Unterwegs haben wir viele Dosen und virtuelle Caches gefunden.

Vielen Dank an **Tompalin** fürs Legen und Pflegen.

**Besten Gruß - brisen60**</groundspeak:text></groundspeak:log><groundspeak:log id="1382084202"><groundspeak:date>2026-09-01T11:26:59</groundspeak:date><groundspeak:type>Write note</groundspeak:type><groundspeak:finder id="50542852">Rotkivnilmuk</groundspeak:finder><groundspeak:text encoded="false">Hittade med @lisakarolina88</groundspeak:text></groundspeak:log><groundspeak:log id="1382084063"><groundspeak:date>2026-09-01T11:26:07</groundspeak:date><groundspeak:type>Found it</groundspeak:type><groundspeak:finder id="50542852">Rotkivnilmuk</groundspeak:finder><groundspeak:text encoded="false">Kul!</groundspeak:text></groundspeak:log><groundspeak:log id="1161444103"><groundspeak:date>2023-04-22T12:00:00</groundspeak:date><groundspeak:type>Found it</groundspeak:type><groundspeak:finder id="24157615">mikkokalevi</groundspeak:finder><groundspeak:text encoded="false">En dagsvandring i Stockholm, med syfte att få olika typer av upptäckter, detta var en av dem.  tack för geocache.</groundspeak:text></groundspeak:log></groundspeak:logs></groundspeak:cache></wpt><wpt lat="59.333217" lon="18.073017"><time>2019-07-05T00:00:00</time><name>GC88ZK3</name><desc>The Stockholm Syndrome by T@bibito</desc><url>https://www.geocaching.com/geocache/GC88ZK3</url><urlname>The Stockholm Syndrome</urlname><sym>Geocache Found</sym><type>Geocache|Virtual Cache</type><groundspeak:cache id="7244798" available="true" archived="false"><groundspeak:name>The Stockholm Syndrome</groundspeak:name><groundspeak:placed_by>T@bibito</groundspeak:placed_by><groundspeak:owner id="2099094">T@bibito</groundspeak:owner><groundspeak:type>Virtual Cache</groundspeak:type><groundspeak:container>Virtual</groundspeak:container><groundspeak:attributes><groundspeak:attribute id="24" inc="1">Wheelchair accessible</groundspeak:attribute><groundspeak:attribute id="6" inc="1">Recommended for kids</groundspeak:attribute><groundspeak:attribute id="1" inc="1">Dogs</groundspeak:attribute><groundspeak:attribute id="13" inc="1">Available 24/7</groundspeak:attribute><groundspeak:attribute id="7" inc="1">Takes less than one hour</groundspeak:attribute><groundspeak:attribute id="63" inc="1">Recommended for tourists</groundspeak:attribute><groundspeak:attribute id="59" inc="1">Food nearby</groundspeak:attribute><groundspeak:attribute id="26" inc="1">Public transportation nearby</groundspeak:attribute><groundspeak:attribute id="15" inc="1">Available in winter</groundspeak:attribute></groundspeak:attributes><groundspeak:difficulty>1</groundspeak:difficulty><groundspeak:terrain>1</groundspeak:terrain><groundspeak:country>Sweden</groundspeak:country><groundspeak:state>Stockholm</groundspeak:state><groundspeak:short_description>
</groundspeak:short_description><groundspeak:long_description>&lt;p&gt;&lt;strong&gt;SWE - Stockholmssyndromet&lt;/strong&gt;&lt;/p&gt;
&lt;p&gt;Stockholmssyndromet, en term myntad av psykolog och kriminolog Nils Bejerot efter det berömda Norrmalmstorgsdramat som skedde i och omkring Kreditbanken mellan den 23-28 Augusti 1973 på Norrmalmstorg i Stockholm. Den ökände svenska bankrånaren Clark Olofsson höll, efter en misslyckat rånförsök, stora delar av bankpersonal gisslan under 5 dagar. Under tiden var det flera i gisslans som började fatta tycke för sin gisslantagare och som i slutändan till och med samarbetade för gisslantagarens syften. Detta psykologiska fenomen fick namnet Stockholmssyndromet och har sedan dess blivit den vedertagna begreppet i hela världen för dessa typer av extrema situationer.&lt;/p&gt;
&lt;p&gt;Det finns fyra stycken beståndsdelar som karaktäriserar Stockholmssyndromet;&lt;/p&gt;
&lt;ul&gt;
&lt;li&gt;Att gisslan utvecklar positiva känslor för sin gisslantagare.&lt;/li&gt;
&lt;li&gt;Att gisslan och gisslantagare inte har någon tidigare relation, de känner inte varandra.&lt;/li&gt;
&lt;li&gt;Att gisslan utvecklar en tveksamhet, till och med vägran, för att samarbeta med polisen eller annan myndighetspersonal.&lt;/li&gt;
&lt;li&gt;Att gisslan väljer att se sin gisslantagares mänskliga sidor, man identifierar sig, vilket också förmildrar hotbilden som hen utsätter gisslan för.&lt;/li&gt;
&lt;/ul&gt;
&lt;p&gt;Det finns flera kända fall av Stockholmssyndromet genom historien. Det kanske mest kända gäller den amerikanska publicistdottern &lt;em&gt;Patty Hearst&lt;/em&gt; som vid 17 års ålder kidnappades från sitt hem i Berkley för att senare hjälpa sina kidnappare med både bankrån och utpressning. I den mer nutida fiktionen nämns &lt;em&gt;Belle&lt;/em&gt; i Disneys &lt;em&gt;Skönheten &amp;amp; Odjuret&lt;/em&gt; som ett utmärkt exempel på Stockholmssyndromet.&lt;/p&gt;
&lt;p&gt;&lt;em&gt;&lt;span style="font-size:8px;"&gt;Källa; Wikipedia &amp;amp; diverse andra publika hemsidor&lt;/span&gt;&lt;/em&gt;&lt;/p&gt;
&lt;p&gt;&lt;strong&gt;UPPGIFT&lt;/strong&gt;&lt;/p&gt;
&lt;p&gt;Vid koordinaterna står du mitt på Norrmalmstorg, i närheten av där Kreditbanken tidigare låg. Ta ett kort på dig, och din GPS, där man tydligt ser dig själv samt Linderoths kalenderur som återfinns på fasaden på Kreditbankens tidigare kontor. Loggar som inte uppfyller dessa kriterier...&lt;/p&gt;
&lt;p&gt; &lt;/p&gt;
&lt;hr /&gt;
&lt;p&gt; &lt;/p&gt;
&lt;p&gt;&lt;strong&gt;ENG - The Stockholm syndrome&lt;/strong&gt;&lt;/p&gt;
&lt;p&gt;The Stockholm Syndrome, a term created by psychologist and criminologist Nils Bejerot after a hostage situation at the Kreditbanken bank in Stockholm in August 1973. The infamous Swedish bank robber Clark Olofsson took a group of bank employees hostage, for 5 days, after a failed robbery attempt. During the course of the hostage situation, parts of the hostages began to developed a bond with their captor to an extent they started supporting his cause. This psychological term got the name Stockholm syndrome and has, ever since, been a world-spread term describing this type of extreme situation.&lt;/p&gt;
&lt;p&gt;There are four key components that characterize Stockholm syndrome:&lt;/p&gt;
&lt;ul&gt;
&lt;li&gt;A hostage's development of positive feelings towards the captor.&lt;/li&gt;
&lt;li&gt;No previous relationship between hostage and captor.&lt;/li&gt;
&lt;li&gt;A refusal by hostages to cooperate with police forces and other government authorities.&lt;/li&gt;
&lt;li&gt;A hostage's belief in the humanity of the captor because they cease to perceive the captor as a threat when the victim holds the same values as the aggressor.&lt;/li&gt;
&lt;/ul&gt;
&lt;p&gt;There are several famous examples of the Stockholm syndrome. The most famous case might be that of &lt;em&gt;Patty Hearst&lt;/em&gt; who was abducted from here Berkeley home at the age of 17. Patty later joined the kidnappers' cause and assisted them both in robberies and blackmail. In recent fiction &lt;em&gt;Belle&lt;/em&gt;, from Disney's &lt;em&gt;Beauty and the Beast&lt;/em&gt;, is mentioned as a perfect example of Stockholm syndrome.&lt;/p&gt;
&lt;p&gt;&lt;span style="font-size:8px;"&gt;&lt;em&gt;Source; Wikipedia &amp;amp; other public homepages&lt;/em&gt;&lt;/span&gt;&lt;/p&gt;
&lt;p&gt;&lt;strong&gt;TASK&lt;/strong&gt;&lt;/p&gt;
&lt;p&gt;The posted coordinates will take you to the center of the square Norrmalmstorg. This is where the hostage situation took place at the former headquarters of Kreditbanken bank. On the facade of the former office there is a big public clock. Take a picture with you, and your gps, with a clear view of the clock in the background. Post the picture with your log. Logs that does not fulfill the requirments will....&lt;/p&gt;
&lt;p&gt; &lt;/p&gt;
&lt;hr /&gt;
&lt;h4&gt; &lt;/h4&gt;
&lt;h4&gt;Virtual Rewards 2.0 - 2019/2020&lt;/h4&gt;
&lt;p&gt;This Virtual Cache is part of a limited release of Virtuals created between June 4, 2019 and June 4, 2020. Only 4,000 cache owners were given the opportunity to hide a Virtual Cache. Learn more about Virtual Rewards 2.0 on the &lt;a href="https://www.geocaching.com/blog/2019/05/introducing-virtual-rewards-2-0/"&gt;Geocaching Blog&lt;/a&gt;.&lt;/p&gt;

</groundspeak:long_description><groundspeak:encoded_hints /><groundspeak:logs><groundspeak:log id="1382094296"><groundspeak:date>2026-09-01T12:00:00</groundspeak:date><groundspeak:type>Found it</groundspeak:type><groundspeak:finder id="47809071">GoldFuchs1</groundspeak:finder><groundspeak:text encoded="false">Tack</groundspeak:text></groundspeak:log><groundspeak:log id="1381902208"><groundspeak:date>2026-08-31T12:00:00</groundspeak:date><groundspeak:type>Found it</groundspeak:type><groundspeak:finder id="41446885">Chrisma80</groundspeak:finder><groundspeak:text encoded="false">On our way  to the airport... Thanks for the information and the cache!</groundspeak:text></groundspeak:log><groundspeak:log id="1381674829"><groundspeak:date>2026-08-30T12:04:51</groundspeak:date><groundspeak:type>Found it</groundspeak:type><groundspeak:finder id="5660998">janjorjack</groundspeak:finder><groundspeak:text encoded="false">An interesting story here. Great idea for a virtual.  Fav for me. Jtee and I are off on a grand adventure.  This time we are off to Sweden and the Aland Islands. It’s a new location for me so I am enjoying the sites and meeting new people too. Thanks for the smile.</groundspeak:text></groundspeak:log><groundspeak:log id="1381913112"><groundspeak:date>2026-08-30T12:04:10</groundspeak:date><groundspeak:type>Found it</groundspeak:type><groundspeak:finder id="164089">jtee</groundspeak:finder><groundspeak:text encoded="false">We're having a great time caching around the area..we had to stop for this one..thks for the fun </groundspeak:text></groundspeak:log><groundspeak:log id="1381444333"><groundspeak:date>2026-08-29T12:48:41</groundspeak:date><groundspeak:type>Found it</groundspeak:type><groundspeak:finder id="5137813">MonsTTer</groundspeak:finder><groundspeak:text encoded="false">Tftc🫡</groundspeak:text></groundspeak:log><groundspeak:log id="1118672274"><groundspeak:date>2022-08-14T12:00:00</groundspeak:date><groundspeak:type>Found it</groundspeak:type><groundspeak:finder id="24157615">mikkokalevi</groundspeak:finder><groundspeak:text encoded="false">Terveiset Suomesta! Tack för geocache</groundspeak:text></groundspeak:log></groundspeak:logs></groundspeak:cache></wpt><wpt lat="59.337017" lon="18.064"><time>2009-04-22T00:00:00</time><name>GC1Q4R4</name><desc>Brunkebergsåsen by herrFamaxe</desc><url>https://www.geocaching.com/geocache/GC1Q4R4</url><urlname>Brunkebergsåsen</urlname><sym>Geocache Found</sym><type>Geocache|Traditional Cache</type><groundspeak:cache id="1202186" available="true" archived="false"><groundspeak:name>Brunkebergsåsen</groundspeak:name><groundspeak:placed_by>herrFamaxe</groundspeak:placed_by><groundspeak:owner id="18264693">herrFamaxe</groundspeak:owner><groundspeak:type>Traditional Cache</groundspeak:type><groundspeak:container>Micro</groundspeak:container><groundspeak:attributes><groundspeak:attribute id="6" inc="1">Recommended for kids</groundspeak:attribute><groundspeak:attribute id="41" inc="1">Stroller accessible</groundspeak:attribute><groundspeak:attribute id="1" inc="1">Dogs</groundspeak:attribute><groundspeak:attribute id="7" inc="1">Takes less than one hour</groundspeak:attribute><groundspeak:attribute id="40" inc="1">Stealth required</groundspeak:attribute><groundspeak:attribute id="15" inc="1">Available in winter</groundspeak:attribute></groundspeak:attributes><groundspeak:difficulty>2</groundspeak:difficulty><groundspeak:terrain>1</groundspeak:terrain><groundspeak:country>Sweden</groundspeak:country><groundspeak:state>Stockholm</groundspeak:state><groundspeak:short_description>
</groundspeak:short_description><groundspeak:long_description>&lt;img src="http://img.geocaching.com/cache/42b0c909-5a19-4b63-b32e-f5d30c472d79.jpg" alt="Brunkebergstunneln" border="0" align="top" /&gt;&lt;br /&gt;
&lt;br /&gt;
Sattelitmottagningen blir sämre och sämre ju närmare du kommer.&lt;br /&gt;
Satellite reception becomes worse and worse the closer you come.&lt;br /&gt;
&lt;br /&gt;
&lt;b&gt;Brunkebergsåsen, [SWE]&lt;/b&gt;&lt;br /&gt;
Brunkebergsåsen är en rullstensås som hör ihop med Stockholmsåsen, den bildades för cirka 10 000 år sedan när den senaste inlandsisen smälte. Åsen har genom åren grävts bort mer och mer, Brunkebergstorg ligger nu 20 meter lägre än ursprungsåsen, både Kungsgatan och Hamngatan är grävda genom åsen. Södra delen av åsen är sedan länge bortfraktad. En stor del av massorna från åsen har använts för att fylla ut Klara sjö och Barnhusviken.&lt;br /&gt;
&lt;br /&gt;
Brunkebergstunneln byggdes mellan 1884 och 1886 under ledning av Knut Lindmark, den invigdes den 9 juni 1886 av kung Oskar II. Tunneln är 231 meter lång, 4 meter bred och nästan 4 meter hög. Knut Lindmark byggde även Katarinahissen. När hissen var en stor framgång för Knut Lindmark så blev tunneln en ekonomisk katastrof.&lt;br /&gt;
&lt;br /&gt;
Utanför Brunkebergstunnel, i korsningen Sveavägen - Tunnelgatan, blev Sveriges stadsminister Olof Palme mördad den 28 februari 1986.&lt;br /&gt;
&lt;br /&gt;
Tidigare låg cachen &lt;a href="http://www.geocaching.com/seek/cache_details.aspx?guid=6c9e81dd-9b2f-43d9-bcf1-4c38570f6852"&gt;The Murder Weapon&lt;/a&gt;, (av ulge02) här, den är arkiverad sen en tid tillbaka. Platsen är för bra för att det inte ska finnas en cache här. Jag hittade aldrig den tidigade cachen så jag vet inte om denna ligger på samma ställe.&lt;br /&gt;
&lt;br /&gt;
&lt;hr /&gt;
&lt;br /&gt;
&lt;b&gt;Brunkebergsåsen, [ENG]&lt;/b&gt;&lt;br /&gt;
Brunkeberg ridge is an esker linked to Stockholm ridge, it was formed about 10 000 years ago when the last glacier melted. The ridge has over the years been carved out more and more, Brunkebergstorg is now 20 meters lower than the original ridge, both Kungsgatan and Hamngatan is dug through the ridge. Southern part of the ridge is since long moved away. A large part of the masses from the ridge has been used to fill Klara sjö and Barnhusviken.&lt;br /&gt;
&lt;br /&gt;
Brunkebergstunnel was built between 1884 and 1886 under the leadership of Knut Lindmark, it was inaugurated June 9, 1886 by King Oskar II. The tunnel is 231 meters long, 4 meters wide and almost 4 meter tall. Knut Lindmark also built Katarina elevator. When the lift was a great success for Knut Lindmark, the tunnel became an economic disaster.&lt;br /&gt;
&lt;br /&gt;
Outside Brunkeberg Tunnel, at the junction Sveavägen - Tunnelgatan, the Swedish Prime Minister Olof Palme was murdered in February 28, 1986.&lt;br /&gt;
&lt;br /&gt;
Earlier the cache &lt;a href="http://www.geocaching.com/seek/cache_details.aspx?guid=6c9e81dd-9b2f-43d9-bcf1-4c38570f6852"&gt;The Murder Weapon&lt;/a&gt;, (by ulge02) was placed here, it is now archived for some time. This place is too good to not host a cache. I never found the earlier cache so I do not know if this is in the same place.
</groundspeak:long_description><groundspeak:encoded_hints>Lågt. Höger sida på spolier bilden, cachen syns.
Low. Right side in the spolier picture, the cache is visible.
</groundspeak:encoded_hints><groundspeak:logs><groundspeak:log id="1381802445"><groundspeak:date>2026-08-30T18:44:41</groundspeak:date><groundspeak:type>Found it</groundspeak:type><groundspeak:finder id="20480836">P1arrrr</groundspeak:finder><groundspeak:text encoded="false">Interessanter Ort, danke!</groundspeak:text></groundspeak:log><groundspeak:log id="1381802253"><groundspeak:date>2026-08-30T18:44:12</groundspeak:date><groundspeak:type>Found it</groundspeak:type><groundspeak:finder id="20394978">Maloui90</groundspeak:finder><groundspeak:text encoded="false">Tack!</groundspeak:text></groundspeak:log><groundspeak:log id="1381724821"><groundspeak:date>2026-08-30T15:01:45</groundspeak:date><groundspeak:type>Found it</groundspeak:type><groundspeak:finder id="5660998">janjorjack</groundspeak:finder><groundspeak:text encoded="false">Jtee and I are off on a grand adventure.  This time we are off to Sweden and the Aland Islands. It’s a new location for me so I am enjoying the sites and meeting new people too. Thanks for the smile.</groundspeak:text></groundspeak:log><groundspeak:log id="1381724597"><groundspeak:date>2026-08-30T15:01:16</groundspeak:date><groundspeak:type>Found it</groundspeak:type><groundspeak:finder id="164089">jtee</groundspeak:finder><groundspeak:text encoded="false">cool tunnel.thks for the </groundspeak:text></groundspeak:log><groundspeak:log id="1381767496"><groundspeak:date>2026-08-30T12:00:00</groundspeak:date><groundspeak:type>Found it</groundspeak:type><groundspeak:finder id="41446885">Chrisma80</groundspeak:finder><groundspeak:text encoded="false">Found this one easily on a nice walk. TFTC</groundspeak:text></groundspeak:log><groundspeak:log id="1118672172"><groundspeak:date>2022-08-14T12:00:00</groundspeak:date><groundspeak:type>Found it</groundspeak:type><groundspeak:finder id="24157615">mikkokalevi</groundspeak:finder><groundspeak:text encoded="false">Terveiset Suomesta! Tack för geocache</groundspeak:text></groundspeak:log></groundspeak:logs></groundspeak:cache></wpt><wpt lat="59.3361" lon="18.06105"><time>2018-12-23T00:00:00</time><name>GC50QYB</name><desc>Stockholm Chinatown by herrFamaxe</desc><url>https://www.geocaching.com/geocache/GC50QYB</url><urlname>Stockholm Chinatown</urlname><sym>Geocache Found</sym><type>Geocache|Traditional Cache</type><groundspeak:cache id="4229498" available="true" archived="false"><groundspeak:name>Stockholm Chinatown</groundspeak:name><groundspeak:placed_by>herrFamaxe</groundspeak:placed_by><groundspeak:owner id="18264693">herrFamaxe</groundspeak:owner><groundspeak:type>Traditional Cache</groundspeak:type><groundspeak:container>Micro</groundspeak:container><groundspeak:attributes><groundspeak:attribute id="24" inc="1">Wheelchair accessible</groundspeak:attribute><groundspeak:attribute id="41" inc="1">Stroller accessible</groundspeak:attribute><groundspeak:attribute id="13" inc="1">Available 24/7</groundspeak:attribute><groundspeak:attribute id="26" inc="1">Public transportation nearby</groundspeak:attribute></groundspeak:attributes><groundspeak:difficulty>1.5</groundspeak:difficulty><groundspeak:terrain>1.5</groundspeak:terrain><groundspeak:country>Sweden</groundspeak:country><groundspeak:state>Stockholm</groundspeak:state><groundspeak:short_description>
</groundspeak:short_description><groundspeak:long_description>&lt;img src="https://s3.amazonaws.com/gs-geo-images/8e47fcb5-f99f-4e2e-8bd9-1cc2dd1fe75d.png" /&gt;&lt;br /&gt;
In this neighborhood there have been Asia-inspired shops and restaurants at least since the 80's. This is the closest a Chinatown we have in Stockholm and you will find a concentration of Asian food stores and Asian restaurants.&lt;br /&gt;
&lt;br /&gt;
This is one end of Stockholm Chinatown, walk north on Sveavägen’s left side and you will pass many Asian restaurants, then turn into Tegnergatan and follow Luntmakargatan further north to Odengatan. This is all of Stockholm Chinatown, see the map below.&lt;br /&gt;
&lt;br /&gt;
&lt;center&gt;&lt;img alt="Stockholm Chinatown" src="https://img.geocaching.com/cache/log/large/852e23de-db48-4d54-a644-343d035861bd.png" /&gt;&lt;/center&gt;
&lt;br /&gt;
The Chinatown Binondo, Manila, founded in 1594, is the oldest Chinatown in the world. The largest outside Asian is New York's Chinatown established in 1940. Other well-known Chinatown is located in Bangkok, London, San Francisco, Singapore, Vancouver, Melbourne and Paris.
&lt;br /&gt;&lt;br /&gt;
</groundspeak:long_description><groundspeak:encoded_hints>Green corner.</groundspeak:encoded_hints><groundspeak:logs><groundspeak:log id="1382180225"><groundspeak:date>2026-09-01T20:41:11</groundspeak:date><groundspeak:type>Found it</groundspeak:type><groundspeak:finder id="20394978">Maloui90</groundspeak:finder><groundspeak:text encoded="false">Gut getarnt!

Tack!</groundspeak:text></groundspeak:log><groundspeak:log id="1382180091"><groundspeak:date>2026-09-01T20:40:13</groundspeak:date><groundspeak:type>Found it</groundspeak:type><groundspeak:finder id="20480836">P1arrrr</groundspeak:finder><groundspeak:text encoded="false">Cache war sehr gut versteckt und noch bewacht. Danke!</groundspeak:text></groundspeak:log><groundspeak:log id="1382076844"><groundspeak:date>2026-09-01T10:21:37</groundspeak:date><groundspeak:type>Found it</groundspeak:type><groundspeak:finder id="9891073">EsturmózoMelix</groundspeak:finder><groundspeak:text encoded="false">Very good hidden, nice</groundspeak:text></groundspeak:log><groundspeak:log id="1382072167"><groundspeak:date>2026-09-01T09:29:50</groundspeak:date><groundspeak:type>Found it</groundspeak:type><groundspeak:finder id="14948737">Team Kuifje</groundspeak:finder><groundspeak:text encoded="false"> 5 day citytrip in Stockholm In addition to visiting the city and its sights, we also made time to search for some geocaches.

This is one of them. Cache found and logged. 

Thanks to the CO for placing and maintaining the cache.

TFTC!</groundspeak:text></groundspeak:log><groundspeak:log id="1381910468"><groundspeak:date>2026-08-30T15:34:21</groundspeak:date><groundspeak:type>Found it</groundspeak:type><groundspeak:finder id="164089">jtee</groundspeak:finder><groundspeak:text encoded="false">Came by to l9ok for this one..didn't really like poking around in the gardens so lucky we found it in good time..thks for the fun </groundspeak:text></groundspeak:log><groundspeak:log id="1118672009"><groundspeak:date>2022-08-14T12:00:00</groundspeak:date><groundspeak:type>Found it</groundspeak:type><groundspeak:finder id="24157615">mikkokalevi</groundspeak:finder><groundspeak:text encoded="false">Terveiset Suomesta! Tack för geocache</groundspeak:text></groundspeak:log></groundspeak:logs></groundspeak:cache></wpt><wpt lat="59.334383" lon="18.06215"><time>2021-11-25T00:00:00</time><name>GC8MMZ6</name><desc>Hötorget / Haymarket by peter-tvm</desc><url>https://www.geocaching.com/geocache/GC8MMZ6</url><urlname>Hötorget / Haymarket</urlname><sym>Geocache Found</sym><type>Geocache|Traditional Cache</type><groundspeak:cache id="7593024" available="false" archived="true"><groundspeak:name>Hötorget / Haymarket</groundspeak:name><groundspeak:placed_by>peter-tvm</groundspeak:placed_by><groundspeak:owner id="3170060">peter-tvm</groundspeak:owner><groundspeak:type>Traditional Cache</groundspeak:type><groundspeak:container>Other</groundspeak:container><groundspeak:attributes><groundspeak:attribute id="24" inc="0">Wheelchair accessible</groundspeak:attribute><groundspeak:attribute id="13" inc="1">Available 24/7</groundspeak:attribute><groundspeak:attribute id="7" inc="1">Takes less than one hour</groundspeak:attribute><groundspeak:attribute id="53" inc="0">Park and grab</groundspeak:attribute><groundspeak:attribute id="25" inc="1">Parking nearby</groundspeak:attribute><groundspeak:attribute id="32" inc="1">Bicycles</groundspeak:attribute><groundspeak:attribute id="63" inc="1">Recommended for tourists</groundspeak:attribute><groundspeak:attribute id="28" inc="1">Public restrooms nearby</groundspeak:attribute><groundspeak:attribute id="59" inc="1">Food nearby</groundspeak:attribute><groundspeak:attribute id="27" inc="1">Drinking water nearby</groundspeak:attribute><groundspeak:attribute id="15" inc="1">Available in winter</groundspeak:attribute></groundspeak:attributes><groundspeak:difficulty>2.5</groundspeak:difficulty><groundspeak:terrain>1.5</groundspeak:terrain><groundspeak:country>Sweden</groundspeak:country><groundspeak:state>Stockholm</groundspeak:state><groundspeak:short_description>
</groundspeak:short_description><groundspeak:long_description>&lt;p&gt;Hötorgets historia går tillbaka till vikingatiden när byn Väsby fanns på denna plats. Det äldsta bekräftade  årtalet som finns är ett donationsbrev från Magnus Ladulås från 1288, men troligen så är Väsby äldre än så.&lt;/p&gt;
&lt;p&gt;Föregångaren till dagens Hötorget var Sveriges första axialtorg (två avkortade kvarter som ligger mitt för varandra på vardera sidan av en gata) med på en regleringsplan för Norrmalm.&lt;br /&gt;
Under de kommande åren så var Hötorget en torghandelsplats där en mäng olika varor såldes.&lt;/p&gt;
&lt;p&gt;Under 1856 var det slut med försäljning av ved, timmer, hö och halm. Det fick istället flytta till Norrmalmstorg.&lt;br /&gt;
1 januari 1914 blev det förbjudet att sälja färskt kött av nöt, får, gris och häst på Hötorget. Även kött från vilt, plockat fjäderfä, saltad/rökt fisk, mat och annat blev förbjudet senare under året. Vilket gjorde att många livsmedelsförsäljare flyttade till olika saluhallar istället.&lt;br /&gt;
Kvar på Hötorget blev trädgårdsmästare, grönsaker- och blomsterförsäljning.&lt;/p&gt;
&lt;p&gt;Den nuvarande utformningen skapades under 1960-talet under Norrmalmsregleringen, även kallad citysaneringen, där Klarakvarteren revs för att ge plats till det moderna Stockholm city.&lt;/p&gt;
&lt;p&gt;Idag bedrivs handel av blommor, grönsaker och diverse krimskrams fortfarande året runt.&lt;/p&gt;
&lt;p&gt; &lt;/p&gt;
&lt;p&gt;&lt;img src="https://img.geocaching.com:443/c643f1e9-a708-4e20-9422-14f49cd2bdbe.jpg" /&gt;&lt;/p&gt;
&lt;p&gt;The history of the Haymarket dates back to the Viking Age when the village of Väsby was in this place. The oldest confirmed year that exists is a donation letter from Magnus Ladulås from 1288, but Väsby is probably older than that.&lt;/p&gt;
&lt;p&gt;The predecessor to today's Heymarket was Sweden's first axial square (two shortened blocks located opposite each other on either side of a street) included in a zoning plan for Norrmalm.&lt;br /&gt;
In the coming years, the Heymarket was a marketplace where a lot of different goods were sold.&lt;/p&gt;
&lt;p&gt;In 1856, the sale of firewood, timber, hay and straw ended. It had to move to Norrmalmstorg instead.&lt;br /&gt;
On January 1, 1914, it was forbidden to sell fresh meat of beef, sheep, pig and horse on the Heymarket. Meat from game, plucked poultry, salted/smoked fish, food and other things were also banned later in the year. Which meant that many food vendors moved to different market halls instead.&lt;br /&gt;
Remaining at Hötorget became sales of gardeners, vegetable and flowers.&lt;/p&gt;
&lt;p&gt;The current design was created during the 1960s under the Norrmalm regulation, also called the city redevelopment, where the Klara blocks was demolished to make way for the modern Stockholm city.&lt;/p&gt;
&lt;p&gt;Today, flowers, vegetables and various knick-knacks are still traded all year round.&lt;/p&gt;
&lt;p style="text-align:center;"&gt;&lt;img src="https://img.geocaching.com:443/656b7385-0446-4ccf-aa2a-42af6ddff427.jpg" /&gt;&lt;/p&gt;

</groundspeak:long_description><groundspeak:encoded_hints>Anslagstavla
1 av 2

Information board
1 of 2</groundspeak:encoded_hints><groundspeak:logs><groundspeak:log id="1230616769"><groundspeak:date>2024-04-30T16:09:16</groundspeak:date><groundspeak:type>Archived</groundspeak:type><groundspeak:finder id="4037893">Toa Norik</groundspeak:finder><groundspeak:text encoded="false">#This cache has been archived by a Swedish reviewer#
 
Hej peter-tvm!

För ett tag informerade vi dig om att allt inte verkade stå rätt till med din cache och bad dig då ta reda på hur det stod till, samt åtgärda eventuella problem. Då det inte syns några tecken på att du gjort det, kommer jag nu att arkivera din cache. 

Jag ber dig plocka in ev. rester av din cache så att de inte ligger kvar och skräpar ner.

Hälsningar  
Toa Norik, reviewer

-------------------------
Besök gärna [Sveriges avdelning i Geocachings officiella wiki](https://wiki.groundspeak.com/display/GEO/Sweden) , där du hittar information för dig som cacheägare.</groundspeak:text></groundspeak:log><groundspeak:log id="1224679984"><groundspeak:date>2024-03-31T17:31:07</groundspeak:date><groundspeak:type>Unknown</groundspeak:type><groundspeak:finder id="4037893">Toa Norik</groundspeak:finder><groundspeak:text encoded="false">Du har svarat att denna cache skall åtgärdas eller få mer information från dig. Detta är ännu inte gjort.
Vi skickar därför denna påminnelse och du får ytterligare 30 dagar på dig att åtgärda denna.
Finns ingen logg från dig på cachen vid denna punkt kommer cachen arkiveras.

MVH
Toa Norik, reviewer</groundspeak:text></groundspeak:log><groundspeak:log id="1214180028"><groundspeak:date>2024-01-30T12:00:00</groundspeak:date><groundspeak:type>Write note</groundspeak:type><groundspeak:finder id="3170060">peter-tvm</groundspeak:finder><groundspeak:text encoded="false">Uppdateringen kommer tyvärr ta längre tid. 
Ny tidsplan är senast 31 mars.</groundspeak:text></groundspeak:log><groundspeak:log id="1143184553"><groundspeak:date>2023-12-04T00:00:00</groundspeak:date><groundspeak:type>Write note</groundspeak:type><groundspeak:finder id="3170060">peter-tvm</groundspeak:finder><groundspeak:text encoded="false">Har en ide om en efterföljare. Ska försöka få något gjort med den före 1 mars.

Som brukligt tar idéer längre tid att förverkliga än tänkt. Ska försöka få till något före 31 juli.

Tillägg 230702
Sökandet efter en ny placering fortsätter.
Återkommer med en ny uppdatering senast 1 september.

Tillägg 230830
Arbetet med en ny placering fortsätter långsamt.
En ny uppdatering kommer senast 1 november.

Tillägg 231204
En möjlig plats och idé för en ny cache har jag hittat. Men det kommer dröja att genomföra den. 
En ny uppdatering kommer senast 1 februari 2024.</groundspeak:text></groundspeak:log><groundspeak:log id="1204517120"><groundspeak:date>2023-11-06T11:46:23</groundspeak:date><groundspeak:type>Unknown</groundspeak:type><groundspeak:finder id="4037893">Toa Norik</groundspeak:finder><groundspeak:text encoded="false">Du har svarat att denna cache skall åtgärdas eller få mer information från dig. Detta är ännu inte gjort.
Vi skickar därför denna påminnelse och du får ytterligare 30 dagar på dig att åtgärda denna.
Finns ingen logg från dig på cachen vid denna punkt kommer cachen arkiveras.

MVH
Toa Norik, reviewer</groundspeak:text></groundspeak:log><groundspeak:log id="1118671908"><groundspeak:date>2022-08-14T12:00:00</groundspeak:date><groundspeak:type>Found it</groundspeak:type><groundspeak:finder id="24157615">mikkokalevi</groundspeak:finder><groundspeak:text encoded="false">Terveiset Suomesta! Tack för geocache</groundspeak:text></groundspeak:log></groundspeak:logs></groundspeak:cache></wpt><wpt lat="59.326783" lon="18.0691"><time>2021-12-31T00:00:00</time><name>GC891WF</name><desc>The Coin Square - Virtual Reward 2.0 by Klossist: T</desc><url>https://www.geocaching.com/geocache/GC891WF</url><urlname>The Coin Square - Virtual Reward 2.0</urlname><sym>Geocache Found</sym><type>Geocache|Virtual Cache</type><groundspeak:cache id="7246980" available="true" archived="false"><groundspeak:name>The Coin Square - Virtual Reward 2.0</groundspeak:name><groundspeak:placed_by>Klossist: T</groundspeak:placed_by><groundspeak:owner id="9730850">Klossist: T</groundspeak:owner><groundspeak:type>Virtual Cache</groundspeak:type><groundspeak:container>Virtual</groundspeak:container><groundspeak:attributes><groundspeak:attribute id="24" inc="1">Wheelchair accessible</groundspeak:attribute><groundspeak:attribute id="13" inc="1">Available 24/7</groundspeak:attribute><groundspeak:attribute id="63" inc="1">Recommended for tourists</groundspeak:attribute></groundspeak:attributes><groundspeak:difficulty>1</groundspeak:difficulty><groundspeak:terrain>1</groundspeak:terrain><groundspeak:country>Sweden</groundspeak:country><groundspeak:state>Stockholm</groundspeak:state><groundspeak:short_description>
</groundspeak:short_description><groundspeak:long_description>&lt;p&gt;Welcome to Mynttorget - The Coin Square!&lt;/p&gt;
&lt;p&gt;From here you can see the Swedish Parliament Building right across the bridge, and the Royal Caste. In order to log this cache you should post a picture of yourself and/or your GPS from somewhere at Mynttorget, and at least one coin of any type. Include what kind of coin and currency is featured in the picture in your log. &lt;em&gt;You do not need to send me a DM&lt;/em&gt; (please don't, I'm getting spammed), just include picture and coin description in the ordinary log. Welcome and Good Luck!&lt;/p&gt;
&lt;p&gt; &lt;/p&gt;
&lt;h4&gt;&lt;em&gt;Virtual Rewards 2.0 - 2019/2020&lt;/em&gt;&lt;/h4&gt;
&lt;p&gt;This Virtual Cache is part of a limited release of Virtuals created between June 4, 2019 and June 4, 2020. Only 4,000 cache owners were given the opportunity to hide a Virtual Cache. Learn more about Virtual Rewards 2.0 on the &lt;a href="https://www.geocaching.com/blog/2019/05/introducing-virtual-rewards-2-0/"&gt;Geocaching Blog&lt;/a&gt;.&lt;/p&gt;

</groundspeak:long_description><groundspeak:encoded_hints /><groundspeak:logs><groundspeak:log id="1382286298"><groundspeak:date>2026-09-02T12:00:00</groundspeak:date><groundspeak:type>Found it</groundspeak:type><groundspeak:finder id="47809071">GoldFuchs1</groundspeak:finder><groundspeak:text encoded="false">Thank you for the cache. Greetings from Germany.</groundspeak:text></groundspeak:log><groundspeak:log id="1382282866"><groundspeak:date>2026-09-02T09:45:32</groundspeak:date><groundspeak:type>Found it</groundspeak:type><groundspeak:finder id="1557211">TZ Toy</groundspeak:finder><groundspeak:text encoded="false">Henny Penny and I were out another day exploring Stockholm and came across another fun virtual. TFTH </groundspeak:text></groundspeak:log><groundspeak:log id="1382112169"><groundspeak:date>2026-09-01T14:39:53</groundspeak:date><groundspeak:type>Found it</groundspeak:type><groundspeak:finder id="3566144">globo65</groundspeak:finder><groundspeak:text encoded="false">TFTC. The coin is a 5 Swiss Frank coin. On one side of the coin you see William Tell, a famous Swiss hero ...</groundspeak:text></groundspeak:log><groundspeak:log id="1382180239"><groundspeak:date>2026-09-01T12:00:00</groundspeak:date><groundspeak:type>Found it</groundspeak:type><groundspeak:finder id="3696982">DeLaTrick</groundspeak:finder><groundspeak:text encoded="false">Angefangen hat alles im Baltikum und nun sind brisen60 und wir auch endlich in Schweden angekommen. So langsam geht es jetzt schon wieder in Richtung Heimat, doch vorher wollten wir der schönen Stadt Stockholm noch einen Besuch abstatten. Nach fünf Jahren sind wir nun mal wieder in der Hauptstadt und wir haben wieder jede Menge fantastische Eindrücke und Erinnerungen mitnehmen können
Dabei kam das Thema Cachen natürlich auch nicht zu kurz, denn damit kann man eine Statdbesichtigung wunderbar verbinden. Hier sind wir dann auch gewesen und haben uns der Aufgabe gestellt.
Vielen Dank dafür, beste Grüße und

--- T4TC ---

Allt började i Baltikum, och nu har brisen60 och vi äntligen anlänt till Sverige. Vi är på väg hemåt i lugn takt, men innan dess ville vi besöka den vackra staden Stockholm. Vi är tillbaka i huvudstaden efter fem år, och återigen har vi samlat på oss massor av fantastiska intryck och minnen.
Naturligtvis fick geocaching också vara med på ett hörn, då det passar utmärkt ihop med sightseeing. Vi besökte denna plats och tog oss an utmaningen.
Stort tack, vänliga hälsningar och

--- T4TC ---</groundspeak:text></groundspeak:log><groundspeak:log id="1382174649"><groundspeak:date>2026-09-01T12:00:00</groundspeak:date><groundspeak:type>Found it</groundspeak:type><groundspeak:finder id="6704036">brisen60</groundspeak:finder><groundspeak:text encoded="false">An unserem zweiten Tag in Schweden sind DeLaTrick und wir in Stockholm angekommen.
Heute ging es kreuz und quer durch die ganze City. Unterwegs haben wir viele Dosen und virtuelle Caches gefunden.

Vielen Dank an **Klossist: T** fürs Legen und Pflegen.

**Besten Gruß - brisen60**</groundspeak:text></groundspeak:log><groundspeak:log id="1118671803"><groundspeak:date>2022-08-14T12:00:00</groundspeak:date><groundspeak:type>Found it</groundspeak:type><groundspeak:finder id="24157615">mikkokalevi</groundspeak:finder><groundspeak:text encoded="false">Terveiset Suomesta! Tack för geocache</groundspeak:text></groundspeak:log></groundspeak:logs></groundspeak:cache></wpt><wpt lat="59.32705" lon="18.069217"><time>2008-06-18T00:00:00</time><name>GC1DBG5</name><desc>OTTT #2 – Changing of the Guard by Trang</desc><url>https://www.geocaching.com/geocache/GC1DBG5</url><urlname>OTTT #2 – Changing of the Guard</urlname><sym>Geocache Found</sym><type>Geocache|Traditional Cache</type><groundspeak:cache id="910756" available="true" archived="false"><groundspeak:name>OTTT #2 – Changing of the Guard</groundspeak:name><groundspeak:placed_by>Trang</groundspeak:placed_by><groundspeak:owner id="886479">Trang</groundspeak:owner><groundspeak:type>Traditional Cache</groundspeak:type><groundspeak:container>Other</groundspeak:container><groundspeak:attributes><groundspeak:attribute id="24" inc="1">Wheelchair accessible</groundspeak:attribute><groundspeak:attribute id="13" inc="1">Available 24/7</groundspeak:attribute><groundspeak:attribute id="7" inc="1">Takes less than one hour</groundspeak:attribute><groundspeak:attribute id="40" inc="1">Stealth required</groundspeak:attribute><groundspeak:attribute id="26" inc="1">Public transportation nearby</groundspeak:attribute><groundspeak:attribute id="15" inc="1">Available in winter</groundspeak:attribute></groundspeak:attributes><groundspeak:difficulty>2</groundspeak:difficulty><groundspeak:terrain>1</groundspeak:terrain><groundspeak:country>Sweden</groundspeak:country><groundspeak:state>Stockholm</groundspeak:state><groundspeak:short_description>
</groundspeak:short_description><groundspeak:long_description>&lt;p&gt;&lt;b&gt;Swedens most logged cache – easy to find, quick to log, different from the rest.&lt;br /&gt;
Sveriges mest loggade cache – lätt att hitta, snabb att logga, inte som alla andra.&lt;br /&gt;
&lt;br /&gt;&lt;/b&gt;&lt;/p&gt;
&lt;p&gt;&lt;img src="http://img.geocaching.com/cache/39fecc9b-7c20-48df-8a86-e3be3efe2e86.jpg" /&gt;&lt;br /&gt;
&lt;br /&gt;
&lt;i&gt;Usually when &lt;b style="color:black;background-color:#ffff66;"&gt;geocaching&lt;/b&gt;, you get to see new and interesting places you probably would not have seen otherwise, and that is one of the great things about this hobby. But what if you are short of time when visiting a new town, and want to see the main tourist attractions and do some &lt;b style="color:black;background-color:#ffff66;"&gt;geocaching&lt;/b&gt; as well?&lt;/i&gt;&lt;/p&gt;
&lt;p&gt;&lt;i&gt;In Stockholm the &lt;b&gt;On The Tourist Trail&lt;/b&gt; (OTTT) – series of caches could be the answer. These seven caches (plus one bonus mystery) are all hidden next to main tourist attractions, all on the Top-ten list of most visited places in town. Most of the OTTT-caches are easy to find and quick to log.&lt;/i&gt;&lt;/p&gt;
&lt;p&gt;&lt;i&gt;The caches are: &lt;a href="http://www.geocaching.com/seek/cache_details.aspx?guid=b1629f16-9f46-49c0-84f9-585d8dbb9b27"&gt;&lt;b&gt;OTTT #1&lt;/b&gt; – City Hall&lt;/a&gt;, &lt;a href="http://www.geocaching.com/seek/cache_details.aspx?guid=611b097b-e43c-46ee-aae0-32c5b837f720"&gt;&lt;b&gt;OTTT #2&lt;/b&gt; – Changing of the Guard&lt;/a&gt;, &lt;a href="http://www.geocaching.com/seek/cache_details.aspx?guid=ceedb2d1-e325-4d00-8125-baefed5f6792"&gt;&lt;b&gt;OTTT #3&lt;/b&gt; – Sightseeing&lt;/a&gt;, &lt;a href="http://www.geocaching.com/seek/cache_details.aspx?guid=891e3d60-a783-4f92-8a4e-ae3f306fcaa3"&gt;&lt;b&gt;OTTT #4&lt;/b&gt; – Museum of Modern Art&lt;/a&gt;, &lt;a href="http://www.geocaching.com/seek/cache_details.aspx?guid=1d8f6fe3-9062-4c69-8c73-b5fa16009ce5"&gt;&lt;b&gt;OTTT #5&lt;/b&gt; – Vasa&lt;/a&gt;, &lt;a href="http://www.geocaching.com/seek/cache_details.aspx?guid=23afd7aa-066a-44b2-ada2-43f3f0c85d22"&gt;&lt;b&gt;OTTT #6&lt;/b&gt; – Skansen&lt;/a&gt;&lt;/i&gt;, &lt;i&gt;&lt;a href="http://www.geocaching.com/seek/cache_details.aspx?guid=2b8b0a96-c3cf-417c-85d6-8c162c43ec5f"&gt;&lt;b&gt;OTTT #7&lt;/b&gt; – Fjällgatan&lt;/a&gt;&lt;/i&gt; &lt;i&gt;and the bonus mystery&lt;/i&gt;&lt;i&gt;&lt;a href="http://www.geocaching.com/seek/cache_details.aspx?guid=8cdc612a-0248-4bce-a6d8-71f209770087"&gt;&lt;b&gt;OTTT #8&lt;/b&gt; – Bulls Eye&lt;/a&gt;&lt;/i&gt;.&lt;/p&gt;
&lt;br /&gt;
&lt;br /&gt;
&lt;br /&gt;
&lt;img src="http://img.geocaching.com/cache/3d459387-cc3c-4731-a0fc-b08251728e17.jpg" /&gt;&lt;br /&gt;
&lt;br /&gt;
&lt;p&gt;&lt;b&gt;&lt;i&gt;&lt;font size="+1"&gt;The most logged cache in Sweden!&lt;br /&gt;
Now more than &lt;font size="+2"&gt;22.000&lt;/font&gt; found logs!&lt;/font&gt;&lt;/i&gt;&lt;/b&gt;&lt;/p&gt;
&lt;p&gt;&lt;font size="+1"&gt;&lt;b&gt;&lt;font size="+2"&gt;Changing of the Guard&lt;/font&gt;&lt;/b&gt;&lt;/font&gt;&lt;/p&gt;
&lt;p&gt;The changing of the guard at the Royal Palace takes place at the outer courtyard each day, during the summer months, at 12.15 (13.15 on Sundays). During the winter season a smaller cermony is held at the courtyard every Wednesday, Saturday and Sunday. From the cache the shortest way to the outer courtyard is to walk across the street and then take the stairs (for the moment renovation work going on and the stairs are sealed of - follow Västerlånggatan, and at the first intersection, walk to the left). For more information, please visit: &lt;a href="https://www.forsvarsmakten.se/sv/var-verksamhet/publik-verksamhet/hogvakten/tid-och-plats-for-hogvakten/" target="_blank"&gt;Högvakten&lt;/a&gt; (in English: &lt;a href="https://www.forsvarsmakten.se/en/activities/events/the-royal-guards/changing-of-the-guard/" target="_blank"&gt;The Royal Guards&lt;/a&gt;).&lt;br /&gt;
&lt;br /&gt;
When searching for, and logging this cache, be &lt;b&gt;extremely stealthy&lt;/b&gt;, the place is busy and there are always lots of mugglers around. After logging, please be sure to put the cache back exactly as found, thanks.&lt;br /&gt;
&lt;br /&gt;&lt;/p&gt;

</groundspeak:long_description><groundspeak:encoded_hints>[Swe:] Lyktstolpe
[Eng:] Lamppost</groundspeak:encoded_hints><groundspeak:logs><groundspeak:log id="1382290200"><groundspeak:date>2026-09-02T12:00:00</groundspeak:date><groundspeak:type>Found it</groundspeak:type><groundspeak:finder id="47809071">GoldFuchs1</groundspeak:finder><groundspeak:text encoded="false">Thanks for the cache. Greetings from Germany.</groundspeak:text></groundspeak:log><groundspeak:log id="1382231157"><groundspeak:date>2026-09-02T09:51:08</groundspeak:date><groundspeak:type>Found it</groundspeak:type><groundspeak:finder id="1557211">TZ Toy</groundspeak:finder><groundspeak:text encoded="false">Another quick find for me and Henny Penny as we explore Stockholm. TFTH </groundspeak:text></groundspeak:log><groundspeak:log id="1382133956"><groundspeak:date>2026-09-01T16:38:01</groundspeak:date><groundspeak:type>Found it</groundspeak:type><groundspeak:finder id="54387766">joshandamelie</groundspeak:finder><groundspeak:text encoded="false">beautiful location

find #75 - TFTC</groundspeak:text></groundspeak:log><groundspeak:log id="1382130794"><groundspeak:date>2026-09-01T16:20:47</groundspeak:date><groundspeak:type>Found it</groundspeak:type><groundspeak:finder id="43779112">ZsembesVombat</groundspeak:finder><groundspeak:text encoded="false">Kosz a rejtest
</groundspeak:text></groundspeak:log><groundspeak:log id="1382121870"><groundspeak:date>2026-09-01T15:31:36</groundspeak:date><groundspeak:type>Found it</groundspeak:type><groundspeak:finder id="44586689">sonjand</groundspeak:finder><groundspeak:text encoded="false">Wonderful city - Thank you</groundspeak:text></groundspeak:log><groundspeak:log id="1118671676"><groundspeak:date>2022-08-14T12:00:00</groundspeak:date><groundspeak:type>Found it</groundspeak:type><groundspeak:finder id="24157615">mikkokalevi</groundspeak:finder><groundspeak:text encoded="false">Terveiset Suomesta! Tack för geocache</groundspeak:text></groundspeak:log></groundspeak:logs></groundspeak:cache></wpt><wpt lat="59.326417" lon="18.070317"><time>2020-06-13T00:00:00</time><name>GC88ZDZ</name><desc>The Royal Palace by Anden81</desc><url>https://www.geocaching.com/geocache/GC88ZDZ</url><urlname>The Royal Palace</urlname><sym>Geocache Found</sym><type>Geocache|Virtual Cache</type><groundspeak:cache id="7244639" available="true" archived="false"><groundspeak:name>The Royal Palace</groundspeak:name><groundspeak:placed_by>Anden81</groundspeak:placed_by><groundspeak:owner id="1696778">Anden81</groundspeak:owner><groundspeak:type>Virtual Cache</groundspeak:type><groundspeak:container>Virtual</groundspeak:container><groundspeak:attributes><groundspeak:attribute id="24" inc="1">Wheelchair accessible</groundspeak:attribute><groundspeak:attribute id="6" inc="1">Recommended for kids</groundspeak:attribute><groundspeak:attribute id="41" inc="1">Stroller accessible</groundspeak:attribute><groundspeak:attribute id="63" inc="1">Recommended for tourists</groundspeak:attribute><groundspeak:attribute id="26" inc="1">Public transportation nearby</groundspeak:attribute></groundspeak:attributes><groundspeak:difficulty>1</groundspeak:difficulty><groundspeak:terrain>1</groundspeak:terrain><groundspeak:country>Sweden</groundspeak:country><groundspeak:state>Stockholm</groundspeak:state><groundspeak:short_description>
</groundspeak:short_description><groundspeak:long_description>&lt;p&gt;&lt;img alt src="https://s3.amazonaws.com/gs-geo-images/5d10c0eb-84d5-4203-b9f6-3716fa62f737.jpg" style="height:263px;width:350px;" /&gt;&lt;/p&gt;
&lt;p&gt;Welcome to one of the largest palaces in Europe! The Royal Palace is the official residence of His Majesty the King of Sweden, with over 600 rooms.&lt;br /&gt;
&lt;br /&gt;
The Palace is open to the public and offers no less than five museums. The Palace was largely built during the eighteenth century in the Italian Baroque style, on the spot where the “Tre Kronor” castle burned down in 1697. Visit the reception rooms with splendid interiors from the eighteenth and nineteenth centuries, Rikssalen (the Hall of State) with Queen Kristina’s silver throne, and Ordenssalarna (Halls of the Orders of Chivalry). You can also see Gustav III’s Museum of Antiquities, the Tre Kronor Museum, and the Treasury.&lt;/p&gt;
&lt;p&gt;The Royal Palace also contains the Armory, with royal costumes and armor, as well as coronation carriages and magnificent coaches from the Royal Stable. Make sure not to miss the parade of soldiers and the daily changing of the guard.&lt;/p&gt;
&lt;p&gt;Source: &lt;a href="https://www.visitstockholm.com/"&gt;Visit Stockholm&lt;/a&gt; where you can find a lot of other places to visit.&lt;/p&gt;
&lt;p&gt; &lt;/p&gt;
&lt;p&gt;&lt;strong&gt;To log this cache&lt;/strong&gt; just go to the posted coordinates and take a photo of you or a part of you with at least one cannon included in the picture and post it with your log. (The face doesn't have to be visible).&lt;/p&gt;
&lt;p&gt; &lt;/p&gt;
&lt;h4&gt;Virtual Rewards 2.0 - 2019/2020&lt;/h4&gt;
&lt;p&gt;This Virtual Cache is part of a limited release of Virtuals created between June 4, 2019 and June 4, 2020. Only 4,000 cache owners were given the opportunity to hide a Virtual Cache. Learn more about Virtual Rewards 2.0 on the &lt;a href="https://www.geocaching.com/blog/2019/05/introducing-virtual-rewards-2-0/"&gt;Geocaching Blog&lt;/a&gt;.&lt;/p&gt;

</groundspeak:long_description><groundspeak:encoded_hints /><groundspeak:logs><groundspeak:log id="1382238246"><groundspeak:date>2026-09-02T12:00:00</groundspeak:date><groundspeak:type>Found it</groundspeak:type><groundspeak:finder id="47809071">GoldFuchs1</groundspeak:finder><groundspeak:text encoded="false">Tack</groundspeak:text></groundspeak:log><groundspeak:log id="1382162789"><groundspeak:date>2026-09-01T19:05:42</groundspeak:date><groundspeak:type>Found it</groundspeak:type><groundspeak:finder id="1557211">TZ Toy</groundspeak:finder><groundspeak:text encoded="false">Henny Penny and I went past this side of the palace after a day of exploring day 2 of Stockholm. Not near as busy in the square as when the cruise ships area in town. TFTH </groundspeak:text></groundspeak:log><groundspeak:log id="1382103992"><groundspeak:date>2026-09-01T13:49:34</groundspeak:date><groundspeak:type>Found it</groundspeak:type><groundspeak:finder id="44586689">sonjand</groundspeak:finder><groundspeak:text encoded="false">Thank you </groundspeak:text></groundspeak:log><groundspeak:log id="1382174534"><groundspeak:date>2026-09-01T12:00:00</groundspeak:date><groundspeak:type>Found it</groundspeak:type><groundspeak:finder id="6704036">brisen60</groundspeak:finder><groundspeak:text encoded="false">An unserem zweiten Tag in Schweden sind DeLaTrick und wir in Stockholm angekommen.
Heute ging es kreuz und quer durch die ganze City. Unterwegs haben wir viele Dosen und virtuelle Caches gefunden.

Vielen Dank an **Anden81** fürs Legen und Pflegen.

**Besten Gruß - brisen60**</groundspeak:text></groundspeak:log><groundspeak:log id="1382060116"><groundspeak:date>2026-08-31T12:00:00</groundspeak:date><groundspeak:type>Found it</groundspeak:type><groundspeak:finder id="2034679">Aljonis</groundspeak:finder><groundspeak:text encoded="false">Thanks for showing us this place. 
♥️lichen Dank fürs Herlocken an Anden81
Sonnige Grüße Aljonis 🍀</groundspeak:text></groundspeak:log><groundspeak:log id="1118671536"><groundspeak:date>2022-08-14T12:00:00</groundspeak:date><groundspeak:type>Found it</groundspeak:type><groundspeak:finder id="24157615">mikkokalevi</groundspeak:finder><groundspeak:text encoded="false">Terveiset Suomesta! Tack för geocache</groundspeak:text></groundspeak:log></groundspeak:logs></groundspeak:cache></wpt><wpt lat="59.32465" lon="18.069733"><time>2007-05-13T00:00:00</time><name>GC12WJT</name><desc>Urban Birdhouse by Bo &amp; Elisabeth</desc><url>https://www.geocaching.com/geocache/GC12WJT</url><urlname>Urban Birdhouse</urlname><sym>Geocache Found</sym><type>Geocache|Traditional Cache</type><groundspeak:cache id="598513" available="false" archived="true"><groundspeak:name>Urban Birdhouse</groundspeak:name><groundspeak:placed_by>Bo &amp; Elisabeth</groundspeak:placed_by><groundspeak:owner id="61878">Elritsa</groundspeak:owner><groundspeak:type>Traditional Cache</groundspeak:type><groundspeak:container>Micro</groundspeak:container><groundspeak:attributes /><groundspeak:difficulty>2</groundspeak:difficulty><groundspeak:terrain>1</groundspeak:terrain><groundspeak:country>Sweden</groundspeak:country><groundspeak:state>Stockholm</groundspeak:state><groundspeak:short_description /><groundspeak:long_description>&lt;p&gt;&lt;img src=
"http://img.geocaching.com/cache/0cde2d07-d802-4fd4-b982-2b92083e4898.jpg"
width="365" height="210" /&gt;&lt;/p&gt;
&lt;p&gt;&lt;font face="Comic Sans MS"&gt;En ganska enkel mikro p&amp;aring; en
plats med massor av mugglare. Penna saknas i burken !&lt;/font&gt;&lt;/p&gt;
&lt;p&gt;&lt;font color="#990000" face="Comic Sans MS"&gt;A rather simple micro
in a place with lots of muggles around. Bring your own pen
!&lt;/font&gt;&lt;font face="Comic Sans MS"&gt;&lt;br /&gt;&lt;/font&gt;&lt;/p&gt;</groundspeak:long_description><groundspeak:encoded_hints>magnetic</groundspeak:encoded_hints><groundspeak:logs><groundspeak:log id="1350835265"><groundspeak:date>2026-03-09T20:54:00</groundspeak:date><groundspeak:type>Didn't find it</groundspeak:type><groundspeak:finder id="2823864">joom</groundspeak:finder><groundspeak:text encoded="false"> @20:54

Five days, the same number of fingers on a hand, with my beloved H., spent on a holiday in Stockholm, the Venice of the North.
Second day, the one that I walked the most: around 30 kilometres.
Evening walk after dinner towards this [event](https://coord.info/GCBHK4J) with a rather late hour for these latitudes but that surprisingly had more attendees than expected.

Unfortunately, the cache is gone. We searched for the cache twice. In the morning on the way to the [Gamla Stan](https://coord.info/GC3ANAG) wherigo. At the first I noticed that something wrong happened. The birdhouse is nowhere to be seen. As sometimes caches change I though that somehow another cache, a nano or a micro, was there.
On a second time, with less people around, I quickly understood that nothing was there to be found.
It was later at the evening that we discovered that the cache was archived since the signal, and birdhouse, were removal.

Tack för cachen.
Hälsningar från Portugal.

</groundspeak:text></groundspeak:log><groundspeak:log id="1348310630"><groundspeak:date>2026-03-09T19:27:27</groundspeak:date><groundspeak:type>Archived</groundspeak:type><groundspeak:finder id="61878">Elritsa</groundspeak:finder><groundspeak:text encoded="false">Idag åkte jag till Stockholm för att byta loggbok i cachen. Döm om min förvåning när jag insåg att cachen, ja hela gömstället var borta!
Gatukontoret har tydligen varit där och monterat ner vägskylten som satt på husväggen och då försvann både fågelholken och gömstället.
Cachen blev 19 år och fick över 20 000 Found-loggar men nu är det slut. Snyft.
/Bosse</groundspeak:text></groundspeak:log><groundspeak:log id="1348132500"><groundspeak:date>2026-03-08T19:25:59</groundspeak:date><groundspeak:type>Didn't find it</groundspeak:type><groundspeak:finder id="51347369">icemanceuta</groundspeak:finder><groundspeak:text encoded="false">No ha habido suerte...</groundspeak:text></groundspeak:log><groundspeak:log id="1346266223"><groundspeak:date>2026-02-25T12:00:00</groundspeak:date><groundspeak:type>Found it</groundspeak:type><groundspeak:finder id="3307523">Luk&amp;Ria</groundspeak:finder><groundspeak:text encoded="false">Treinreis door Scandinavië.
Dag 5, stad 3: Stockholm.

Urban Birdhouse: in 2019 niets gevonden, maar nu hebben we meer geluk.

TFTC, Bo &amp; Elisabeth.
Vondst #10798 om 10:25 🇧🇪</groundspeak:text></groundspeak:log><groundspeak:log id="1346058956"><groundspeak:date>2026-02-23T07:39:16</groundspeak:date><groundspeak:type>Found it</groundspeak:type><groundspeak:finder id="33035026">Kerttuterttu</groundspeak:finder><groundspeak:text encoded="false">😊</groundspeak:text></groundspeak:log><groundspeak:log id="1118671419"><groundspeak:date>2022-08-14T12:00:00</groundspeak:date><groundspeak:type>Found it</groundspeak:type><groundspeak:finder id="24157615">mikkokalevi</groundspeak:finder><groundspeak:text encoded="false">Terveiset Suomesta! Tack för geocache</groundspeak:text></groundspeak:log></groundspeak:logs></groundspeak:cache></wpt><wpt lat="59.324783" lon="18.070567"><time>2018-08-24T00:00:00</time><name>GC7B86A</name><desc>Stortorget by JoRos</desc><url>https://www.geocaching.com/geocache/GC7B86A</url><urlname>Stortorget</urlname><sym>Geocache Found</sym><type>Geocache|Virtual Cache</type><groundspeak:cache id="6389112" available="true" archived="false"><groundspeak:name>Stortorget</groundspeak:name><groundspeak:placed_by>JoRos</groundspeak:placed_by><groundspeak:owner id="3785207">JoRos</groundspeak:owner><groundspeak:type>Virtual Cache</groundspeak:type><groundspeak:container>Virtual</groundspeak:container><groundspeak:attributes><groundspeak:attribute id="24" inc="1">Wheelchair accessible</groundspeak:attribute><groundspeak:attribute id="6" inc="1">Recommended for kids</groundspeak:attribute><groundspeak:attribute id="41" inc="1">Stroller accessible</groundspeak:attribute><groundspeak:attribute id="13" inc="1">Available 24/7</groundspeak:attribute><groundspeak:attribute id="63" inc="1">Recommended for tourists</groundspeak:attribute><groundspeak:attribute id="59" inc="1">Food nearby</groundspeak:attribute></groundspeak:attributes><groundspeak:difficulty>1.5</groundspeak:difficulty><groundspeak:terrain>1</groundspeak:terrain><groundspeak:country>Sweden</groundspeak:country><groundspeak:state>Stockholm</groundspeak:state><groundspeak:short_description>
</groundspeak:short_description><groundspeak:long_description>&lt;p dir="ltr" style="line-height:1.2;margin-top:0pt;margin-bottom:0pt;"&gt;&lt;strong&gt;&lt;span&gt;&lt;span style="font-size:16pt;font-family:Cambria;font-variant-numeric:normal;font-variant-east-asian:normal;vertical-align:baseline;white-space:pre-wrap;"&gt;Stortorget ’’The Big Square’&lt;/span&gt;&lt;/span&gt;&lt;/strong&gt;&lt;/p&gt;
&lt;p&gt; &lt;/p&gt;
&lt;p dir="ltr" style="line-height:1.2;margin-top:0pt;margin-bottom:0pt;"&gt;&lt;span&gt;&lt;span style="font-size:12pt;font-family:Cambria;font-variant-numeric:normal;font-variant-east-asian:normal;vertical-align:baseline;white-space:pre-wrap;"&gt;This is the city’s oldest square, it was here when Stockholm was founded somewhere between year 1187 and 1252.&lt;/span&gt;&lt;/span&gt;&lt;/p&gt;
&lt;p&gt; &lt;/p&gt;
&lt;p dir="ltr" style="line-height:1.2;margin-top:0pt;margin-bottom:0pt;"&gt;&lt;span&gt;&lt;span style="font-size:16pt;font-family:Cambria;font-variant-numeric:normal;font-variant-east-asian:normal;vertical-align:baseline;white-space:pre-wrap;"&gt;The square’s history&lt;/span&gt;&lt;/span&gt;&lt;/p&gt;
&lt;p&gt;&lt;img alt src="https://img.geocaching.com/cache/large/ec751ba6-6ecf-42a2-b368-e6cd18927fc2.jpg" /&gt;&lt;/p&gt;
&lt;p dir="ltr" style="line-height:1.2;margin-top:0pt;margin-bottom:0pt;"&gt; &lt;/p&gt;
&lt;p dir="ltr" style="line-height:1.2;margin-top:0pt;margin-bottom:0pt;"&gt;&lt;span&gt;&lt;span style="font-size:12pt;font-family:Cambria;font-variant-numeric:normal;font-variant-east-asian:normal;vertical-align:baseline;white-space:pre-wrap;"&gt;The Big Square is Stockholm’s oldest square; it came to when the conurbation started at the top of Stadsholmen sometime between 1187 and 1252. The map above is from the year 1547 (the oldest map of Stockholm).&lt;/span&gt;&lt;/span&gt;&lt;/p&gt;
&lt;ol style="margin-top:0pt;margin-bottom:0pt;"&gt;
&lt;li dir="ltr" style="list-style-type:decimal;font-size:12pt;font-family:Cambria;font-variant-numeric:normal;font-variant-east-asian:normal;vertical-align:baseline;white-space:pre;"&gt;
&lt;p dir="ltr" style="line-height:1.2;margin-top:0pt;margin-bottom:0pt;"&gt;&lt;span&gt;&lt;span style="font-size:12pt;font-variant-numeric:normal;font-variant-east-asian:normal;vertical-align:baseline;white-space:pre-wrap;"&gt;The Big Square with red color&lt;/span&gt;&lt;/span&gt;&lt;/p&gt;
&lt;/li&gt;
&lt;li dir="ltr" style="list-style-type:decimal;font-size:12pt;font-family:Cambria;font-variant-numeric:normal;font-variant-east-asian:normal;vertical-align:baseline;white-space:pre;"&gt;
&lt;p dir="ltr" style="line-height:1.2;margin-top:0pt;margin-bottom:0pt;"&gt;&lt;span&gt;&lt;span style="font-size:12pt;font-variant-numeric:normal;font-variant-east-asian:normal;vertical-align:baseline;white-space:pre-wrap;"&gt;Town Hall&lt;/span&gt;&lt;/span&gt;&lt;/p&gt;
&lt;/li&gt;
&lt;li dir="ltr" style="list-style-type:decimal;font-size:12pt;font-family:Cambria;font-variant-numeric:normal;font-variant-east-asian:normal;vertical-align:baseline;white-space:pre;"&gt;
&lt;p dir="ltr" style="line-height:1.2;margin-top:0pt;margin-bottom:0pt;"&gt;&lt;span&gt;&lt;span style="font-size:12pt;font-variant-numeric:normal;font-variant-east-asian:normal;vertical-align:baseline;white-space:pre-wrap;"&gt;The Big Church&lt;/span&gt;&lt;/span&gt;&lt;/p&gt;
&lt;/li&gt;
&lt;li dir="ltr" style="list-style-type:decimal;font-size:12pt;font-family:Cambria;font-variant-numeric:normal;font-variant-east-asian:normal;vertical-align:baseline;white-space:pre;"&gt;
&lt;p dir="ltr" style="line-height:1.2;margin-top:0pt;margin-bottom:0pt;"&gt;&lt;span&gt;&lt;span style="font-size:12pt;font-variant-numeric:normal;font-variant-east-asian:normal;vertical-align:baseline;white-space:pre-wrap;"&gt;The Castle ‘’Tre Kronor’’&lt;/span&gt;&lt;/span&gt;&lt;/p&gt;
&lt;/li&gt;
&lt;li dir="ltr" style="list-style-type:decimal;font-size:12pt;font-family:Cambria;font-variant-numeric:normal;font-variant-east-asian:normal;vertical-align:baseline;white-space:pre;"&gt;
&lt;p dir="ltr" style="line-height:1.2;margin-top:0pt;margin-bottom:0pt;"&gt;&lt;span&gt;&lt;span style="font-size:12pt;font-variant-numeric:normal;font-variant-east-asian:normal;vertical-align:baseline;white-space:pre-wrap;"&gt;Köpmangatan&lt;/span&gt;&lt;/span&gt;&lt;/p&gt;
&lt;/li&gt;
&lt;li dir="ltr" style="list-style-type:decimal;font-size:12pt;font-family:Cambria;font-variant-numeric:normal;font-variant-east-asian:normal;vertical-align:baseline;white-space:pre;"&gt;
&lt;p dir="ltr" style="line-height:1.2;margin-top:0pt;margin-bottom:0pt;"&gt;&lt;span&gt;&lt;span style="font-size:12pt;font-variant-numeric:normal;font-variant-east-asian:normal;vertical-align:baseline;white-space:pre-wrap;"&gt;Köpmanporten (a gate)&lt;/span&gt;&lt;/span&gt;&lt;/p&gt;
&lt;/li&gt;
&lt;li dir="ltr" style="list-style-type:decimal;font-size:12pt;font-family:Cambria;font-variant-numeric:normal;font-variant-east-asian:normal;vertical-align:baseline;white-space:pre;"&gt;
&lt;p dir="ltr" style="line-height:1.2;margin-top:0pt;margin-bottom:0pt;"&gt;&lt;span&gt;&lt;span style="font-size:12pt;font-variant-numeric:normal;font-variant-east-asian:normal;vertical-align:baseline;white-space:pre-wrap;"&gt;Svartmangatan&lt;/span&gt;&lt;/span&gt;&lt;/p&gt;
&lt;/li&gt;
&lt;li dir="ltr" style="list-style-type:decimal;font-size:12pt;font-family:Cambria;font-variant-numeric:normal;font-variant-east-asian:normal;vertical-align:baseline;white-space:pre;"&gt;
&lt;p dir="ltr" style="line-height:1.2;margin-top:0pt;margin-bottom:0pt;"&gt;&lt;span&gt;&lt;span style="font-size:12pt;font-variant-numeric:normal;font-variant-east-asian:normal;vertical-align:baseline;white-space:pre-wrap;"&gt;Skomakargatan&lt;/span&gt;&lt;/span&gt;&lt;/p&gt;
&lt;/li&gt;
&lt;/ol&gt;
&lt;p&gt;&lt;br /&gt;
 &lt;/p&gt;
&lt;p dir="ltr" style="line-height:1.2;margin-top:0pt;margin-bottom:0pt;"&gt;&lt;span&gt;&lt;span style="font-size:12pt;font-family:Cambria;font-variant-numeric:normal;font-variant-east-asian:normal;vertical-align:baseline;white-space:pre-wrap;"&gt;The Big Square is in the same spot and almost the same size as it was in the Middle Ages, it has changed very little since.&lt;/span&gt;&lt;/span&gt;&lt;/p&gt;
&lt;p&gt; &lt;/p&gt;
&lt;p dir="ltr" style="line-height:1.2;margin-top:0pt;margin-bottom:0pt;"&gt;&lt;span&gt;&lt;span style="font-size:12pt;font-family:Cambria;font-variant-numeric:normal;font-variant-east-asian:normal;vertical-align:baseline;white-space:pre-wrap;"&gt;During the Middle Ages and until year 1523 The Big Square was the most important square in the city for most things, they had a marketplace and the council hall where they also kept people who were arrested and waited on their sentence. It also had the town’s most important wells and was the place where only the most powerful and rich could afford to live.&lt;/span&gt;&lt;/span&gt;&lt;/p&gt;
&lt;p dir="ltr" style="line-height:1.2;margin-top:0pt;margin-bottom:0pt;"&gt; &lt;/p&gt;
&lt;p dir="ltr" style="line-height:1.2;margin-top:0pt;margin-bottom:0pt;"&gt;&lt;span&gt;&lt;span style="font-size:12pt;font-family:Cambria;font-variant-numeric:normal;font-variant-east-asian:normal;vertical-align:baseline;white-space:pre-wrap;"&gt;​&lt;/span&gt;&lt;/span&gt;&lt;/p&gt;
&lt;p&gt;&lt;img alt src="https://img.geocaching.com/cache/large/60aab868-a6b1-45dd-b506-4099d1db07f9.jpg" style="width:500px;height:349px;" /&gt;&lt;/p&gt;
&lt;p&gt;&lt;span style="font-family:Cambria;font-size:12pt;white-space:pre-wrap;"&gt;The picture above shows an example how it could look a normal day at the square during the Middle Age. (Picture from Stockholm’s art show 1897.)&lt;/span&gt;&lt;/p&gt;
&lt;p&gt; &lt;/p&gt;
&lt;p dir="ltr" style="line-height:1.2;margin-top:0pt;margin-bottom:0pt;"&gt;&lt;span&gt;&lt;span style="font-size:12pt;font-family:Cambria;font-variant-numeric:normal;font-variant-east-asian:normal;vertical-align:baseline;white-space:pre-wrap;"&gt;As the city grew the square got less important as a marketplace and after 1849 only dairy products were allowed to be sold here. Today the only thing left of the marketplace is the annual Christmas market that takes place for a few weeks before Christmas.&lt;/span&gt;&lt;/span&gt;&lt;/p&gt;
&lt;p dir="ltr" style="line-height:1.2;margin-top:0pt;margin-bottom:0pt;"&gt;&lt;span&gt;&lt;span style="font-size:12pt;font-family:Cambria;font-variant-numeric:normal;font-variant-east-asian:normal;vertical-align:baseline;white-space:pre-wrap;"&gt;The year of 1520 occurred something that today is known as Stockholms blodbad (blood bath). It was the union king Kristian II that had 92 people executed, most of them beheaded on this square. But it was not the first occasion of executions; the first documented time in the books was the year 1280 when king Magnus Ladulås had rioters killed, Jöns Karlsson, Börje Filipson and Jöns Filipson. The executing’s continued on the square multiple times (including Erik Puke the year of 1437).&lt;/span&gt;&lt;/span&gt;&lt;/p&gt;
&lt;p&gt; &lt;/p&gt;
&lt;p dir="ltr" style="line-height:1.2;margin-top:0pt;margin-bottom:0pt;"&gt;&lt;span&gt;&lt;span style="font-size:12pt;font-family:Cambria;font-variant-numeric:normal;font-variant-east-asian:normal;vertical-align:baseline;white-space:pre-wrap;"&gt;The council hall was the city’s most important building until 1732. It was where the city’s councilors met and made the decisions for the whole city.  Because the leading men and traders lived there it also became the city’s trade and financial center until the National bank was built at Järntorget (‘’The Iron Square’’) in 1682.&lt;/span&gt;&lt;/span&gt;&lt;/p&gt;
&lt;p&gt;&lt;br /&gt;
 &lt;/p&gt;
&lt;p dir="ltr" style="line-height:1.2;margin-top:0pt;margin-bottom:0pt;"&gt;&lt;img alt src="https://img.geocaching.com/cache/large/0372d808-be5c-416d-aae9-67ed1a696c64.jpg" /&gt;&lt;/p&gt;
&lt;p dir="ltr" style="line-height:1.2;margin-top:0pt;margin-bottom:0pt;"&gt;&lt;span&gt;&lt;span style="font-size:12pt;font-family:Cambria;font-variant-numeric:normal;font-variant-east-asian:normal;vertical-align:baseline;white-space:pre-wrap;"&gt;In 1776 the new Börshus (‘’Stock Exchange House’’) was built in the north end of the square (see picture above from 1896) where the council hall previously was. The architects Johan Eberhard Carlberg and Erik Palmstedt designed the building. It was a commodity exchange with mostly iron, copper, silver and gold.  Since the year 1786 it is the Svenska Akademin (‘’Swedish Academy’’ who for instance gives out the Nobel price in litterateur) residence on the upper floor. It has an inscription that says ‘’Svenska Akademin’’ on the front of the building,&lt;/span&gt; &lt;span style="font-size:12pt;font-family:Cambria;font-variant-numeric:normal;font-variant-east-asian:normal;vertical-align:baseline;white-space:pre-wrap;"&gt;over the window on the second floor.&lt;/span&gt;&lt;/span&gt;&lt;/p&gt;
&lt;p&gt;&lt;br /&gt;
 &lt;/p&gt;
&lt;p dir="ltr" style="line-height:1.2;margin-top:0pt;margin-bottom:0pt;"&gt;&lt;span&gt;&lt;span style="font-size:16pt;font-family:Cambria;font-variant-numeric:normal;font-variant-east-asian:normal;vertical-align:baseline;white-space:pre-wrap;"&gt;The Bloodbath&lt;/span&gt;&lt;/span&gt;&lt;/p&gt;
&lt;p dir="ltr" style="line-height:1.2;margin-top:0pt;margin-bottom:0pt;"&gt;&lt;img alt src="https://img.geocaching.com/cache/large/18d7bf89-abea-48ff-8bad-958b52546ad7.jpg" style="width:500px;height:223px;" /&gt;&lt;/p&gt;
&lt;p dir="ltr" style="line-height:1.2;margin-top:0pt;margin-bottom:0pt;"&gt; &lt;/p&gt;
&lt;p dir="ltr" style="line-height:1.2;margin-top:0pt;margin-bottom:0pt;"&gt;&lt;span&gt;&lt;span style="font-size:12pt;font-family:Cambria;font-variant-numeric:normal;font-variant-east-asian:normal;vertical-align:baseline;white-space:pre-wrap;"&gt;It was the year 1520 in September that the union king Kristian II successfully got through the town gate in to Stockholm with his foreign soldiers. He got crowned King of Sweden in November, it took place in the Storkyrkan (‘’The Big Church’’).  After the crowning there was suppose to be a celebration for three days. The 7&lt;/span&gt;&lt;span style="font-size:7.2pt;font-family:Cambria;font-variant-numeric:normal;font-variant-east-asian:normal;vertical-align:super;white-space:pre-wrap;"&gt;th&lt;/span&gt; &lt;span style="font-size:12pt;font-family:Cambria;font-variant-numeric:normal;font-variant-east-asian:normal;vertical-align:baseline;white-space:pre-wrap;"&gt;of November they celebrated but the 8&lt;/span&gt;&lt;span style="font-size:7.2pt;font-family:Cambria;font-variant-numeric:normal;font-variant-east-asian:normal;vertical-align:super;white-space:pre-wrap;"&gt;th&lt;/span&gt; &lt;span style="font-size:12pt;font-family:Cambria;font-variant-numeric:normal;font-variant-east-asian:normal;vertical-align:baseline;white-space:pre-wrap;"&gt;Kristian II accuse a number of Swedish people for treason and it ended in a blood bath. 82 people were beheaded in the northwest corner of the square, by the alley Trångsund.  Another 10 people was also hanged, but not on the square. It was said that the blood floated alongside Kåkbrinken and towards Väterlånggatan further down to the lake Mälaren.&lt;/span&gt;&lt;/span&gt;&lt;/p&gt;
&lt;p&gt; &lt;/p&gt;
&lt;p dir="ltr" style="line-height:1.2;margin-top:0pt;margin-bottom:0pt;"&gt;&lt;span&gt;&lt;span style="font-size:16pt;font-family:Cambria;font-variant-numeric:normal;font-variant-east-asian:normal;vertical-align:baseline;white-space:pre-wrap;"&gt;The Pump&lt;/span&gt;&lt;/span&gt;&lt;/p&gt;
&lt;p dir="ltr" style="line-height:1.2;margin-top:0pt;margin-bottom:0pt;"&gt;&lt;span&gt;&lt;span style="font-size:16pt;font-family:Cambria;font-variant-numeric:normal;font-variant-east-asian:normal;vertical-align:baseline;white-space:pre-wrap;"&gt;&lt;img alt src="https://img.geocaching.com/cache/large/e4fa502c-bfb1-4f29-8056-da1b483a0bcf.jpg" /&gt;&lt;/span&gt;&lt;/span&gt;&lt;/p&gt;
&lt;p dir="ltr" style="line-height:1.2;margin-top:0pt;margin-bottom:0pt;"&gt; &lt;/p&gt;
&lt;p dir="ltr" style="line-height:1.2;margin-top:0pt;margin-bottom:0pt;"&gt;&lt;span&gt;&lt;span style="font-size:12pt;font-family:Cambria;font-variant-numeric:normal;font-variant-east-asian:normal;vertical-align:baseline;white-space:pre-wrap;"&gt;On The Big Square there is a pump with drinkable water.  Today it is connected to the normal water supply that goes to the households as well.  The pump has been there since the Middle Age, it was one of the town’s first fresh water sources. But not this particular well, it was rebuilt the year of 1778 designed by Erik Palmstedt.&lt;/span&gt;&lt;/span&gt;&lt;/p&gt;
&lt;p&gt;&lt;br /&gt;
 &lt;/p&gt;
&lt;p dir="ltr" style="line-height:1.2;margin-top:0pt;margin-bottom:0pt;"&gt;&lt;span&gt;&lt;span style="font-size:16pt;font-family:Cambria;font-variant-numeric:normal;font-variant-east-asian:normal;vertical-align:baseline;white-space:pre-wrap;"&gt;Cannonball&lt;/span&gt;&lt;/span&gt;&lt;/p&gt;
&lt;p dir="ltr" style="line-height:1.2;margin-top:0pt;margin-bottom:0pt;"&gt;&lt;span&gt;&lt;span style="font-size:12pt;font-family:Cambria;font-variant-numeric:normal;font-variant-east-asian:normal;vertical-align:baseline;white-space:pre-wrap;"&gt;There is a cannonball on The Big Square or rather on the end of the house on the south side of the square, towards Skomakargatan. It has been there for hundreds of years and is said to have come from when Gustav Vasa occupied the city and drove away Kristian II. It was then when Sweden left the hated union and once again became a free country with our own king and government.&lt;/span&gt;&lt;/span&gt;&lt;/p&gt;
&lt;p dir="ltr" style="line-height:1.2;margin-top:0pt;margin-bottom:0pt;"&gt;&lt;span&gt;&lt;span style="font-size:12pt;font-family:Cambria;font-variant-numeric:normal;font-variant-east-asian:normal;vertical-align:baseline;white-space:pre-wrap;"&gt;Maybe that is not the whole truth but the legend. This is what truly happened: The furniture dealer Fredrik Christian Hans Grevesmuhl had in 1795 a ‘’Gustavianskt’’ house on the corner of the square and had the cannonball built in on purpose.  That was approximately 250 years after the event actually occurred. His motive was to create a monument of Gustav Vasa’s siege that forced Kristian II to surrender and led to a free Sweden from the union time, and a kind of revenge for the blood bath he caused in 1520. Because of the cannonball the house sometimes is called Rövarkulan (‘’Rober ball’’) or just Huset kulan (‘’House ball’’).&lt;/span&gt;&lt;/span&gt;&lt;/p&gt;
&lt;p&gt;&lt;br /&gt;
&lt;br /&gt;
 &lt;/p&gt;
&lt;p dir="ltr" style="line-height:1.2;margin-top:0pt;margin-bottom:0pt;"&gt;&lt;span&gt;&lt;span style="font-size:12pt;font-family:Cambria;font-variant-numeric:normal;font-variant-east-asian:normal;vertical-align:baseline;white-space:pre-wrap;"&gt;Last but not least, to be able to log this Virtual Cache as Found you have to go to the coordinates and take a photo of you or your GPS with the canonball on the house visible in the background and post it together with your log. If you log it without the requirements it will be deleted.&lt;/span&gt;&lt;/span&gt;&lt;/p&gt;
&lt;div&gt; &lt;/div&gt;
&lt;div&gt; &lt;/div&gt;
&lt;h4&gt;Virtual Reward - 2017/2018&lt;/h4&gt;
&lt;p&gt;This Virtual Cache is part of a limited release of Virtuals created between August 24, 2017 and August 24, 2018. Only 4,000 cache owners were given the opportunity to hide a Virtual Cache. Learn more about Virtual Rewards on the &lt;a href="https://www.geocaching.com/blog/2017/08/virtual-rewards/"&gt;Geocaching Blog&lt;/a&gt;.&lt;/p&gt;

</groundspeak:long_description><groundspeak:encoded_hints /><groundspeak:logs><groundspeak:log id="1382241253"><groundspeak:date>2026-09-02T12:00:00</groundspeak:date><groundspeak:type>Found it</groundspeak:type><groundspeak:finder id="47809071">GoldFuchs1</groundspeak:finder><groundspeak:text encoded="false">Tack</groundspeak:text></groundspeak:log><groundspeak:log id="1382281173"><groundspeak:date>2026-09-02T09:15:21</groundspeak:date><groundspeak:type>Found it</groundspeak:type><groundspeak:finder id="1557211">TZ Toy</groundspeak:finder><groundspeak:text encoded="false">Henny Penny and I have a different opinion on which one is a cannon ball. I’m going with the one on the corner of the building. TFTH </groundspeak:text></groundspeak:log><groundspeak:log id="1382174262"><groundspeak:date>2026-09-01T12:00:00</groundspeak:date><groundspeak:type>Found it</groundspeak:type><groundspeak:finder id="6704036">brisen60</groundspeak:finder><groundspeak:text encoded="false">An unserem zweiten Tag in Schweden sind DeLaTrick und wir in Stockholm angekommen.
Heute ging es kreuz und quer durch die ganze City. Unterwegs haben wir viele Dosen und virtuelle Caches gefunden.

Vielen Dank an **JoRos** fürs Legen und Pflegen.

**Besten Gruß - brisen60**</groundspeak:text></groundspeak:log><groundspeak:log id="1382078914"><groundspeak:date>2026-09-01T10:42:51</groundspeak:date><groundspeak:type>Found it</groundspeak:type><groundspeak:finder id="43614297">baupi19</groundspeak:finder><groundspeak:text encoded="false">Thx</groundspeak:text></groundspeak:log><groundspeak:log id="1382061681"><groundspeak:date>2026-08-31T12:00:00</groundspeak:date><groundspeak:type>Found it</groundspeak:type><groundspeak:finder id="2034679">Aljonis</groundspeak:finder><groundspeak:text encoded="false">Thanks for showing us this place. 
♥️lichen Dank fürs Herlocken an JoRos
Sonnige Grüße Aljonis 🍀</groundspeak:text></groundspeak:log><groundspeak:log id="1118671309"><groundspeak:date>2022-08-14T12:00:00</groundspeak:date><groundspeak:type>Found it</groundspeak:type><groundspeak:finder id="24157615">mikkokalevi</groundspeak:finder><groundspeak:text encoded="false">Terveiset Suomesta! Tack för geocache.</groundspeak:text></groundspeak:log></groundspeak:logs></groundspeak:cache></wpt><wpt lat="65.827428" lon="24.144827"><time>2022-06-06T00:00:00</time><name>GC9VQW1</name><desc>Bridge view by Jkk94 LMK01</desc><url>https://www.geocaching.com/geocache/GC9VQW1</url><urlname>Bridge view</urlname><sym>Geocache Found</sym><type>Geocache|Traditional Cache</type><groundspeak:cache id="8698076" available="false" archived="true"><groundspeak:name>Bridge view</groundspeak:name><groundspeak:placed_by>Jkk94 LMK01</groundspeak:placed_by><groundspeak:owner id="34298713">Jkk94</groundspeak:owner><groundspeak:type>Traditional Cache</groundspeak:type><groundspeak:container>Micro</groundspeak:container><groundspeak:attributes><groundspeak:attribute id="42" inc="1">Needs maintenance</groundspeak:attribute><groundspeak:attribute id="1" inc="1">Dogs</groundspeak:attribute><groundspeak:attribute id="8" inc="1">Scenic view</groundspeak:attribute><groundspeak:attribute id="13" inc="1">Available 24/7</groundspeak:attribute></groundspeak:attributes><groundspeak:difficulty>2</groundspeak:difficulty><groundspeak:terrain>2</groundspeak:terrain><groundspeak:country>Sweden</groundspeak:country><groundspeak:state>Norrbotten</groundspeak:state><groundspeak:short_description>
</groundspeak:short_description><groundspeak:long_description>&lt;h2&gt;Tornvallen&lt;/h2&gt;
&lt;p&gt;Den militära befästningen Tornvallen uppfördes 1918 för att försvara järnvägsbron över till Finland. Bron invigdes i oktober 1919. Den officiella militära beteckning på Tornvallen är Skans 37G Haparanda järnvägsbro.&lt;/p&gt;
&lt;p&gt;Befästningen består av två skyttevärn med vardera 33 skjutgluggar för gevär eller kulsprutegevär. 1939 utrustades värnen med luftvärnsplattformar på taken. Mellan de två värnen finns en förbindelsegång under järnvägen.&lt;/p&gt;
&lt;p&gt;Tornvallen har ett högt kulturhistoriskt värde. Anläggningen minner om Haparandas strategiska placering och Norrbottens roll i svensk försvarspolitik under 1900-talet. Värnen förvaltas av Fortifikationsverket.&lt;/p&gt;
&lt;p&gt;-----------------------------------------------------------------------------------------------------------------------------------------------------------&lt;br /&gt;
&lt;strong&gt;English&lt;/strong&gt;&lt;br /&gt;
 &lt;/p&gt;
&lt;p&gt;In 1918, at the end of World War 1, the military fortification "Tornvallen" (= Tower Hill) was built to defend the railway bridge, that was under construction. The bridge was completed in October 1919. The official military name of Tornvallen is Skans 37G Haparanda Railway Bridge.&lt;/p&gt;
&lt;p&gt;The fortification consists of two bastions, each with 33 loopholes for rifles or machine guns. In 1939 the buildings were equipped with platforms on the roof, and armed with anti-aircraft guns. The facility is electrified, and the two structures are connected with a tunnel under the railway.&lt;/p&gt;
&lt;p&gt;Tornvallen has a high historical worth. The fortification is a reminder of Haparanda's strategic location and Norrbotten's role in the Swedish defense policy during the 1900's. The buildings are managed by Fortifikationsverket.&lt;/p&gt;

</groundspeak:long_description><groundspeak:encoded_hints /><groundspeak:logs><groundspeak:log id="1238132830"><groundspeak:date>2024-06-03T05:52:54</groundspeak:date><groundspeak:type>Archived</groundspeak:type><groundspeak:finder id="34298713">Jkk94</groundspeak:finder><groundspeak:text encoded="false">Då cachen försvunnit ett flertal gånger så kommer jag avsluta denna cache punkt tillsvidare, tråkigt men nödvändigt.</groundspeak:text></groundspeak:log><groundspeak:log id="1236435055"><groundspeak:date>2024-05-26T10:47:22</groundspeak:date><groundspeak:type>Didn't find it</groundspeak:type><groundspeak:finder id="24384055">NormandG</groundspeak:finder><groundspeak:text encoded="false">Did not found it 😒</groundspeak:text></groundspeak:log><groundspeak:log id="1228770595"><groundspeak:date>2024-04-21T09:50:52</groundspeak:date><groundspeak:type>Unknown</groundspeak:type><groundspeak:finder id="28276217">Haamin</groundspeak:finder><groundspeak:text encoded="false">Tämä kätköilijä ilmoitti, että purkki on vahingoittunut.</groundspeak:text></groundspeak:log><groundspeak:log id="1228770592"><groundspeak:date>2024-04-21T09:50:51</groundspeak:date><groundspeak:type>Unknown</groundspeak:type><groundspeak:finder id="28276217">Haamin</groundspeak:finder><groundspeak:text encoded="false">Kylypylälomalla Cape Eastissa. Kotiin lähtiessä tässä maisemakierros ja kätkö. Purkki kadonnut, huoltoa kaipailee.</groundspeak:text></groundspeak:log><groundspeak:log id="1233518175"><groundspeak:date>2024-04-18T12:00:00</groundspeak:date><groundspeak:type>Write note</groundspeak:type><groundspeak:finder id="7041364">NorbergKim</groundspeak:finder><groundspeak:text encoded="false">Eftersom burken verkar saknas är nog TBn borta.</groundspeak:text></groundspeak:log><groundspeak:log id="1112618383"><groundspeak:date>2022-07-23T12:00:00</groundspeak:date><groundspeak:type>Found it</groundspeak:type><groundspeak:finder id="24157615">mikkokalevi</groundspeak:finder><groundspeak:text encoded="false">Lahjemiehen ja Tiltun kanssa lähdettiin huristelee kohti megaa perjantaina illalla ja yön yli keräiltiin matkan varrelta purkkeja kunnista jotka jollain meiltä vielä punaisena kartalla oli. 
Matkalle osui myös isohko ukkosrintama minkä alle ei ihan kunnolla missä vaiheessa päästy. Mut paljon vilkkumista taivaalla nähtiin kyllä.



Purkit logattu pääsääntöisesti MiLahTi lyhenteellä, kiitos kätköstä .. 

</groundspeak:text></groundspeak:log></groundspeak:logs></groundspeak:cache></wpt><wpt lat="65.830383" lon="24.1442"><time>2022-07-22T00:00:00</time><name>GC9P7FW</name><desc>Struves triangel hyllar meridianbåge by Nogana</desc><url>https://www.geocaching.com/geocache/GC9P7FW</url><urlname>Struves triangel hyllar meridianbåge</urlname><sym>Geocache Found</sym><type>Geocache|Virtual Cache</type><groundspeak:cache id="8563190" available="true" archived="false"><groundspeak:name>Struves triangel hyllar meridianbåge</groundspeak:name><groundspeak:placed_by>Nogana</groundspeak:placed_by><groundspeak:owner id="10395698">Nogana</groundspeak:owner><groundspeak:type>Virtual Cache</groundspeak:type><groundspeak:container>Virtual</groundspeak:container><groundspeak:attributes /><groundspeak:difficulty>1.5</groundspeak:difficulty><groundspeak:terrain>1.5</groundspeak:terrain><groundspeak:country>Sweden</groundspeak:country><groundspeak:state>Norrbotten</groundspeak:state><groundspeak:short_description>
</groundspeak:short_description><groundspeak:long_description>&lt;p&gt;&lt;span style="font-size:16px;"&gt;&lt;span style="font-family:Times New Roman,Times,serif;"&gt;&lt;strong&gt;Struves meridianbåge 282 mil&lt;/strong&gt;&lt;/span&gt;&lt;/span&gt;&lt;/p&gt;

&lt;p&gt;&lt;span style="font-size:16px;"&gt;&lt;span style="font-family:Times New Roman,Times,serif;"&gt;Struves Meridianbåge är en triangelkedja som sträcker sig från Hammerfest i Norge till Ukrainas kust vid Svarta havet, genom tio länder och med en längd på drygt 2 820 km. Sammanlagt karterades 265 mätpunkter som bildade 258 trianglar. Det var ungefär 27 kilometer mellan varje mätpunkt. Jämfört med dagens GPS-mätningar var mätfelet bara några centimeter.&lt;/span&gt;&lt;/span&gt;&lt;/p&gt;

&lt;p&gt; &lt;/p&gt;

&lt;p&gt;&lt;span style="font-size:16px;"&gt;&lt;span style="font-family:Times New Roman,Times,serif;"&gt;&lt;strong&gt;Teodolit, dålig sikt och tunga transporter&lt;/strong&gt;&lt;/span&gt;&lt;/span&gt;&lt;/p&gt;

&lt;p&gt;&lt;span style="font-size:16px;"&gt;&lt;span style="font-family:Times New Roman,Times,serif;"&gt;På 1800-talet ville astronomen Friedrich Georg Wilhelm von Struve undersöka om jorden var tillplattad vid polerna, något man länge misstänkt. Han ledde arbetet med att mäta upp triangelkedjan. Man använde teodolit och triangulerade mellan signalpunkter placerade på bergstoppar. Arbetet var ytterst väderberoende och den tunga mätutrustningen flyttades i svår terräng – med hjälp av lokalbefolkningen förstås. Mätningarna pågick 1816 - 1850. Och ja, man lyckades bevisa att jorden är en ellipsoid.&lt;/span&gt;&lt;/span&gt;&lt;/p&gt;

&lt;p style="text-align:center;"&gt; &lt;/p&gt;

&lt;p style="text-align:center;"&gt;&lt;span style="font-size:16px;"&gt;&lt;span style="font-family:Times New Roman,Times,serif;"&gt;&lt;img src="https://img.geocaching.com:443/9ad42ae6-cba7-421f-9a21-bec617852399.png" /&gt;&lt;/span&gt;&lt;/span&gt;&lt;/p&gt;

&lt;p style="text-align:center;"&gt;&lt;span style="font-size:16px;"&gt;&lt;span style="font-family:Times New Roman,Times,serif;"&gt;&lt;em&gt;Triangelkedjan uppmätt genom Norge-Sverige-Finland-Ryssland-Estland-Lettland-Litauen-Belarus-Moldavien-Ukraina&lt;/em&gt;&lt;/span&gt;&lt;/span&gt;&lt;/p&gt;

&lt;p&gt; &lt;/p&gt;

&lt;p&gt;&lt;span style="font-size:16px;"&gt;&lt;span style="font-family:Times New Roman,Times,serif;"&gt;&lt;strong&gt;Unescos världsarvslista&lt;/strong&gt;&lt;/span&gt;&lt;/span&gt;&lt;/p&gt;

&lt;p&gt;&lt;span style="font-size:16px;"&gt;&lt;span style="font-family:Times New Roman,Times,serif;"&gt;Idag är flera av de 265 mätpunkterna uppsatta på Unescos världsarvslista. De består av små borrhål i sten, kryssmarkeringar och stenrösen. Och numera även monument i flera länder.&lt;/span&gt;&lt;/span&gt;&lt;/p&gt;

&lt;p&gt; &lt;/p&gt;

&lt;p&gt;&lt;span style="font-size:16px;"&gt;&lt;span style="font-family:Times New Roman,Times,serif;"&gt;&lt;strong&gt;Konstnärlig hyllning till världsarv&lt;/strong&gt;&lt;/span&gt;&lt;/span&gt;&lt;/p&gt;

&lt;p&gt;&lt;span style="font-size:16px;"&gt;&lt;span style="font-family:Times New Roman,Times,serif;"&gt;Konstnären Victoria Andersson har skapat konstverket &lt;strong&gt;Struves triangel&lt;/strong&gt; för att uppmärksamma meridianmätningarna och värdsarvspunkten i Haparanda.&lt;/span&gt;&lt;/span&gt;&lt;/p&gt;

&lt;p&gt; &lt;/p&gt;

&lt;p style="text-align:center;"&gt;&lt;span style="font-size:16px;"&gt;&lt;span style="font-family:Times New Roman,Times,serif;"&gt;&lt;img src="https://img.geocaching.com:443/d6d08b0a-6506-46b4-bbda-88b73a098f57.png" /&gt;&lt;/span&gt;&lt;/span&gt;&lt;/p&gt;

&lt;p style="text-align:center;"&gt;&lt;span style="font-size:16px;"&gt;&lt;span style="font-family:Times New Roman,Times,serif;"&gt;&lt;em&gt;Struves Triangel, av Victoria Andersson&lt;/em&gt;&lt;/span&gt;&lt;/span&gt;&lt;/p&gt;

&lt;p&gt; &lt;/p&gt;

&lt;p&gt;&lt;br /&gt;
&lt;span style="font-size:16px;"&gt;&lt;span style="color:#e74c3c;"&gt;&lt;span style="font-family:Times New Roman,Times,serif;"&gt;För att få logga denna virtuella cache ska du ta en bild av konstverket &lt;strong&gt;von Struves Triangel&lt;/strong&gt; tillsammans med dig, din GPS eller en skylt med ditt nick. Bifoga bilden till din logg.&lt;br /&gt;
&lt;br /&gt;
Tehtäväsi on ottaa kuvaa itsestäsi tai jotain sinulle kuuluvaa (esimerkiksi GPS, nimikyltti), niin, että taustalla näkyy &lt;strong&gt;Herra Struven kolmio&lt;/strong&gt;. Liitä kuva loggaukseesi.&lt;/span&gt;&lt;/span&gt;&lt;/span&gt;&lt;/p&gt;

&lt;p&gt;&lt;span style="font-size:16px;"&gt;&lt;span style="font-family:Times New Roman,Times,serif;"&gt;&lt;span style="color:#e74c3c;"&gt;Take a picture of you (or your GPS, or a sign with your nick name) along with &lt;strong&gt;von Struves Triangel&lt;/strong&gt;. Include the picture in your log.&lt;/span&gt;&lt;/span&gt;&lt;/span&gt;&lt;/p&gt;

&lt;p&gt;&lt;br /&gt;
&lt;span style="font-size:16px;"&gt;&lt;span style="font-family:Times New Roman,Times,serif;"&gt;&lt;span style="color:#2980b9;"&gt;Läs mer/Lue lisää/Get more information:&lt;/span&gt;&lt;/span&gt;&lt;/span&gt;&lt;/p&gt;

&lt;p&gt;&lt;span style="font-size:16px;"&gt;&lt;span style="font-family:Times New Roman,Times,serif;"&gt;&lt;a href="https://sv.wikipedia.org/wiki/Struves_meridianb%C3%A5ge" style="color:#0563c1;text-decoration:underline;"&gt;&lt;span style="color:#2980b9;"&gt;sv.wikipedia.org/wiki/Struves_meridianb%C3%A5ge&lt;/span&gt;&lt;/a&gt;&lt;/span&gt;&lt;/span&gt;&lt;/p&gt;

&lt;p&gt;&lt;span style="font-size:16px;"&gt;&lt;span style="font-family:Times New Roman,Times,serif;"&gt;&lt;a href="https://fi.wikipedia.org/wiki/Struven_ketju" style="color:#0563c1;text-decoration:underline;"&gt;&lt;span style="color:#2980b9;"&gt;fi.wikipedia.org/wiki/Struven_ketju&lt;/span&gt;&lt;/a&gt;&lt;/span&gt;&lt;/span&gt;&lt;/p&gt;

&lt;p&gt;&lt;span style="font-size:16px;"&gt;&lt;span style="font-family:Times New Roman,Times,serif;"&gt;&lt;a href="https://en.wikipedia.org/wiki/Struve_Geodetic_Arc" style="color:#0563c1;text-decoration:underline;"&gt;&lt;span style="color:#2980b9;"&gt;en.wikipedia.org/wiki/Struve_Geodetic_Arc&lt;/span&gt;&lt;/a&gt;&lt;/span&gt;&lt;/span&gt;&lt;/p&gt;

&lt;p&gt; &lt;/p&gt;

&lt;p&gt;&lt;span style="font-size:16px;"&gt;&lt;span style="font-family:Times New Roman,Times,serif;"&gt;&lt;a href="https://www.haparanda.se/fritid-och-kultur/offentlig-konst" style="color:#0563c1;text-decoration:underline;"&gt;&lt;span style="color:#2980b9;"&gt;www.haparanda.se/fritid-och-kultur/offentlig-konst&lt;/span&gt;&lt;/a&gt;&lt;/span&gt;&lt;/span&gt;&lt;/p&gt;

&lt;p&gt; &lt;/p&gt;

&lt;p&gt;&lt;span style="font-size:16px;"&gt;&lt;span style="font-family:Times New Roman,Times,serif;"&gt;***************************************************************************************************&lt;/span&gt;&lt;/span&gt;&lt;/p&gt;

&lt;h4&gt;&lt;span style="font-size:16px;"&gt;&lt;span style="font-family:Times New Roman,Times,serif;"&gt;Virtual Rewards 3.0 - 2022-2023&lt;/span&gt;&lt;/span&gt;&lt;/h4&gt;

&lt;p&gt;&lt;span style="font-size:16px;"&gt;&lt;span style="font-family:Times New Roman,Times,serif;"&gt;This Virtual Cache is part of a limited release of Virtuals created between March 1, 2022 and March 1, 2023. Only 4,000 cache owners were given the opportunity to hide a Virtual Cache. Learn more about Virtual Rewards 3.0 on the &lt;a href="https://www.geocaching.com/blog/2022/02/virtual-rewards-en/"&gt;Geocaching Blog&lt;/a&gt;.&lt;/span&gt;&lt;/span&gt;&lt;/p&gt;

&lt;p&gt; &lt;/p&gt;

&lt;p&gt; &lt;/p&gt;
</groundspeak:long_description><groundspeak:encoded_hints /><groundspeak:logs><groundspeak:log id="1381862790"><groundspeak:date>2026-08-30T11:22:44</groundspeak:date><groundspeak:type>Found it</groundspeak:type><groundspeak:finder id="13617178">Straume</groundspeak:finder><groundspeak:text encoded="false">Tusen takk for denne cachen. Den ble funnet på vei til Finnmark på rypejakt. Vi kjører ikke raskeste veien. Men da kan en besøke slike fine plasser.
Takk for denne.🤩🇳🇴🇳🇴</groundspeak:text></groundspeak:log><groundspeak:log id="1380871189"><groundspeak:date>2026-08-25T22:03:47</groundspeak:date><groundspeak:type>Found it</groundspeak:type><groundspeak:finder id="11085925">Mummo48</groundspeak:finder><groundspeak:text encoded="false">Isännän kanssa matkalla pohjoisessa. Nuorgamissa vietettiin kolme päivää ja nautittiin tunturimaisemista ja käväistiin Norjan puolella pari kertaa. Ikimuistoisia reissuja siellä karussa maisemassa. 🙃🙃
Alaspäin tultaessa seuraava yöpymispaikka on Ruotsin puolella Haaparannassa. Täältäkin löytyi läheltä majapaikkaa muutama kätkö. Kiersin kaksi lapia jotka tutustuttiin hyvin Haaparannan maisemin ja historiaan. 
Samalla kierroksella pääsin myös tarkistamaan Struven ketjun tekijän muistomerkin tällä puolella jokea. Kiitos tekijäle🫠</groundspeak:text></groundspeak:log><groundspeak:log id="1380703405"><groundspeak:date>2026-08-24T22:59:53</groundspeak:date><groundspeak:type>Found it</groundspeak:type><groundspeak:finder id="19177981">Gitta10</groundspeak:finder><groundspeak:text encoded="false">Täältä löytyi upea rantabulevardi, kiitos virtuaalista..upea Ala-Tornion kirkko taustalla (jossa kävin tänään aiemmin loggaamassa kirkkokätkön).</groundspeak:text></groundspeak:log><groundspeak:log id="1380657598"><groundspeak:date>2026-08-24T12:00:00</groundspeak:date><groundspeak:type>Found it</groundspeak:type><groundspeak:finder id="13448984">Nuuskuset</groundspeak:finder><groundspeak:text encoded="false">Summer holiday 2026 to Sweden and Norway is going on. Today we drive from Haaparanta to Jällivaara and found some caches also.
Myöhäinen kesälomareissu Lappiin ja myös Pohjois-Ruotsin ja -Norjan suunnille. Tänään kolmas reissupäivä menossa ja hiukan satunnaisella otannalla purkkeja valikoituu matkan varrelta. Tästä kaikkien aikojen ensimmäinen kätkö Ruotsin rajojen sisältä. Kiitos virtuaalista!</groundspeak:text></groundspeak:log><groundspeak:log id="1380159910"><groundspeak:date>2026-08-22T12:00:00</groundspeak:date><groundspeak:type>Found it</groundspeak:type><groundspeak:finder id="6381930">buersti1611</groundspeak:finder><groundspeak:text encoded="false">😀🐘😃🐘🙂🐘😀🐘😃🐘🙂🐘

Heute morgen unternahm Herr buersti vor dem Frühstück einen kleinen Spaziergang und besuchte unseren ersten Cache in Schweden. 😃

So konnten wir dieses ⭐️ BLAUE/WEIßE ⭐️ Sternchen am Cacherhimmel in einen lachenden Smiley 🙂 verwandeln💫

Hier lassen wir sehr gerne ein Blaues 🔵 Schleifchen 🎗 da.😃

🙂 Danke für den Virtuellen, sagt buersti1611 🐘🙂

😀🐘😃🐘🙂🐘😀🐘😃🐘🙂🐘</groundspeak:text></groundspeak:log><groundspeak:log id="1112617772"><groundspeak:date>2022-07-23T12:00:00</groundspeak:date><groundspeak:type>Found it</groundspeak:type><groundspeak:finder id="24157615">mikkokalevi</groundspeak:finder><groundspeak:text encoded="false">Lahjemiehen ja Tiltun kanssa lähdettiin huristelee kohti megaa perjantaina illalla ja yön yli keräiltiin matkan varrelta purkkeja kunnista jotka jollain meiltä vielä punaisena kartalla oli. 
Matkalle osui myös isohko ukkosrintama minkä alle ei ihan kunnolla missä vaiheessa päästy. Mut paljon vilkkumista taivaalla nähtiin kyllä.



Kjitos kätköstä .. 

</groundspeak:text></groundspeak:log></groundspeak:logs></groundspeak:cache></wpt><wpt lat="68.440104" lon="22.472407"><time>2015-05-07T00:00:00</time><name>GC5V0XT</name><desc>Karesuando TBHotel by Massok</desc><url>https://www.geocaching.com/geocache/GC5V0XT</url><urlname>Karesuando TBHotel</urlname><sym>Geocache Found</sym><type>Geocache|Traditional Cache</type><groundspeak:cache id="4981944" available="true" archived="false"><groundspeak:name>Karesuando TBHotel</groundspeak:name><groundspeak:placed_by>Massok</groundspeak:placed_by><groundspeak:owner id="9051160">Massok</groundspeak:owner><groundspeak:type>Traditional Cache</groundspeak:type><groundspeak:container>Regular</groundspeak:container><groundspeak:attributes><groundspeak:attribute id="7" inc="1">Takes less than one hour</groundspeak:attribute><groundspeak:attribute id="32" inc="1">Bicycles</groundspeak:attribute><groundspeak:attribute id="33" inc="1">Motorcycles</groundspeak:attribute></groundspeak:attributes><groundspeak:difficulty>2</groundspeak:difficulty><groundspeak:terrain>2</groundspeak:terrain><groundspeak:country>Sweden</groundspeak:country><groundspeak:state>Norrbotten</groundspeak:state><groundspeak:short_description>Karesuando har sedan 1600 talet varit en marknadsplats.
Här har jag skapat en marknadsplats för TB;n vid ett av Karesuando äldsta bevarade byggnader, Leastadius pörte.
Mer om honom kan ni läsa om på plats</groundspeak:short_description><groundspeak:long_description>En medelstor plåtburk med penna, loggbok och förhoppningsvis TB;s.</groundspeak:long_description><groundspeak:encoded_hints>Under</groundspeak:encoded_hints><groundspeak:logs><groundspeak:log id="1381501158"><groundspeak:date>2026-08-29T16:26:24</groundspeak:date><groundspeak:type>Found it</groundspeak:type><groundspeak:finder id="26060369">Aunelmi79</groundspeak:finder><groundspeak:text encoded="false">Suomi-Ruotsi-Nirja-Suomi-Ruotsi-Suomi -turneella</groundspeak:text></groundspeak:log><groundspeak:log id="1382017406"><groundspeak:date>2026-08-29T12:00:00</groundspeak:date><groundspeak:type>Found it</groundspeak:type><groundspeak:finder id="8817211">huhhai</groundspeak:finder><groundspeak:text encoded="false">Aunelmi79:n kanssa Norjaa ristiin rastiin kolmisen päivää ja nyt Suomessa.
Aina on kiva palata tänne.
Mukavaa oli ja hienoja paikkoja löysimme.
Kiitos kätköstä.</groundspeak:text></groundspeak:log><groundspeak:log id="1381350219"><groundspeak:date>2026-08-28T19:51:56</groundspeak:date><groundspeak:type>Found it</groundspeak:type><groundspeak:finder id="3429537">Buwija</groundspeak:finder><groundspeak:text encoded="false">Vackert gick in och kikade..Lämnade TB o tog med mig en.
TFTC</groundspeak:text></groundspeak:log><groundspeak:log id="1381366730"><groundspeak:date>2026-08-28T12:00:00</groundspeak:date><groundspeak:type>Found it</groundspeak:type><groundspeak:finder id="25731581">Pow68</groundspeak:finder><groundspeak:text encoded="false">Stannade till här i Karesuando för att äta, tanka lite och logga en cache.

Tack för den.😊</groundspeak:text></groundspeak:log><groundspeak:log id="1381347694"><groundspeak:date>2026-08-28T12:00:00</groundspeak:date><groundspeak:type>Found it</groundspeak:type><groundspeak:finder id="9313472">Elwija</groundspeak:finder><groundspeak:text encoded="false">TFTC</groundspeak:text></groundspeak:log><groundspeak:log id="881747947"><groundspeak:date>2019-09-12T12:00:00</groundspeak:date><groundspeak:type>Found it</groundspeak:type><groundspeak:finder id="24157615">mikkokalevi</groundspeak:finder><groundspeak:text encoded="false">Roadtrip matkalla itärajaa pitkin pohjoiseen  ja käsivarren kautta takaisin etelään TPTH:n kanssa samalla kuntia värittäen... lokattu omilla nimimerkeillä...  Kiitos kätköstä </groundspeak:text></groundspeak:log></groundspeak:logs></groundspeak:cache></wpt><wpt lat="59.3157" lon="18.0974"><time>2011-07-08T00:00:00</time><name>GC2ZNDW</name><desc>Welcome to Stockholm - Tervetuloa Tukholmaan! by Möjagumman</desc><url>https://www.geocaching.com/geocache/GC2ZNDW</url><urlname>Welcome to Stockholm - Tervetuloa Tukholmaan!</urlname><sym>Geocache Found</sym><type>Geocache|Traditional Cache</type><groundspeak:cache id="2350263" available="true" archived="false"><groundspeak:name>Welcome to Stockholm - Tervetuloa Tukholmaan!</groundspeak:name><groundspeak:placed_by>Möjagumman</groundspeak:placed_by><groundspeak:owner id="2378037">Möjagumman</groundspeak:owner><groundspeak:type>Traditional Cache</groundspeak:type><groundspeak:container>Small</groundspeak:container><groundspeak:attributes><groundspeak:attribute id="42" inc="1">Needs maintenance</groundspeak:attribute><groundspeak:attribute id="24" inc="1">Wheelchair accessible</groundspeak:attribute><groundspeak:attribute id="6" inc="1">Recommended for kids</groundspeak:attribute><groundspeak:attribute id="41" inc="1">Stroller accessible</groundspeak:attribute><groundspeak:attribute id="13" inc="1">Available 24/7</groundspeak:attribute><groundspeak:attribute id="25" inc="1">Parking nearby</groundspeak:attribute><groundspeak:attribute id="40" inc="1">Stealth required</groundspeak:attribute><groundspeak:attribute id="26" inc="1">Public transportation nearby</groundspeak:attribute><groundspeak:attribute id="15" inc="1">Available in winter</groundspeak:attribute></groundspeak:attributes><groundspeak:difficulty>2</groundspeak:difficulty><groundspeak:terrain>1</groundspeak:terrain><groundspeak:country>Sweden</groundspeak:country><groundspeak:state>Stockholm</groundspeak:state><groundspeak:short_description /><groundspeak:long_description>When arriving in Stockholm by a cruise ship one of the most frequent harbours is Masthamnen (Mast Port) at the island Södermalm. A shipbuilding yard was established here in 1687 and was called The South Shipyard or The Big Shipyard. The activity ceased in 1930. Nowadays big cruising ships from Åland/Finland and other countries land here. From the harbour you can have a nice walk along the quay to the Old Town and the city. 

I really hope you will enjoy your stay in Stockholm and that you will find many of the caches that can be found here!</groundspeak:long_description><groundspeak:encoded_hints /><groundspeak:logs><groundspeak:log id="1381682765"><groundspeak:date>2026-08-30T12:33:55</groundspeak:date><groundspeak:type>Found it</groundspeak:type><groundspeak:finder id="17938982">lovisastaflin</groundspeak:finder><groundspeak:text encoded="false">Tftc</groundspeak:text></groundspeak:log><groundspeak:log id="1381661171"><groundspeak:date>2026-08-30T12:00:00</groundspeak:date><groundspeak:type>Found it</groundspeak:type><groundspeak:finder id="14352783">KiddoFreak</groundspeak:finder><groundspeak:text encoded="false">Second Day in Stockholm we walk to the old town. We found a lot of very wonderful buildings and location. Very good Cache and our last found.

Favo in

Best regrads from Bamberg-Germany</groundspeak:text></groundspeak:log><groundspeak:log id="1381659517"><groundspeak:date>2026-08-30T10:59:14</groundspeak:date><groundspeak:type>Found it</groundspeak:type><groundspeak:finder id="1261077">Panda99</groundspeak:finder><groundspeak:text encoded="false">Vi besökte Stockholm idag med AidaMar. Under en kort morgonpromenad hittade vi några cacher. Stort tack för att ni visade oss dem.</groundspeak:text></groundspeak:log><groundspeak:log id="1381510875"><groundspeak:date>2026-08-29T16:59:25</groundspeak:date><groundspeak:type>Found it</groundspeak:type><groundspeak:finder id="2202177">Taldran</groundspeak:finder><groundspeak:text encoded="false">Found it on our Trip through the baltic sea :) TFTC </groundspeak:text></groundspeak:log><groundspeak:log id="1381564064"><groundspeak:date>2026-08-29T12:00:00</groundspeak:date><groundspeak:type>Found it</groundspeak:type><groundspeak:finder id="18235912">ra65ma91la95ja68</groundspeak:finder><groundspeak:text encoded="false">Schnell gefunden, an einem sehr regenreichen Tag.
Grüße von der AIDAmar</groundspeak:text></groundspeak:log><groundspeak:log id="835489416"><groundspeak:date>2019-03-23T13:04:49</groundspeak:date><groundspeak:type>Unknown</groundspeak:type><groundspeak:finder id="24157615">mikkokalevi</groundspeak:finder><groundspeak:text encoded="false">Tämä kätköilijä ilmoitti, että purkki on vahingoittunut.</groundspeak:text></groundspeak:log><groundspeak:log id="835489409"><groundspeak:date>2019-03-23T12:00:00</groundspeak:date><groundspeak:type>Found it</groundspeak:type><groundspeak:finder id="24157615">mikkokalevi</groundspeak:finder><groundspeak:text encoded="false">Found easily. Logbook wet. Tv out</groundspeak:text></groundspeak:log></groundspeak:logs></groundspeak:cache></wpt><wpt lat="59.316883" lon="18.088133"><time>2008-06-18T00:00:00</time><name>GC1DBGG</name><desc>OTTT #7 – Fjällgatan by Trang</desc><url>https://www.geocaching.com/geocache/GC1DBGG</url><urlname>OTTT #7 – Fjällgatan</urlname><sym>Geocache Found</sym><type>Geocache|Traditional Cache</type><groundspeak:cache id="910767" available="true" archived="false"><groundspeak:name>OTTT #7 – Fjällgatan</groundspeak:name><groundspeak:placed_by>Trang</groundspeak:placed_by><groundspeak:owner id="886479">Trang</groundspeak:owner><groundspeak:type>Traditional Cache</groundspeak:type><groundspeak:container>Micro</groundspeak:container><groundspeak:attributes><groundspeak:attribute id="8" inc="1">Scenic view</groundspeak:attribute><groundspeak:attribute id="13" inc="1">Available 24/7</groundspeak:attribute><groundspeak:attribute id="7" inc="1">Takes less than one hour</groundspeak:attribute><groundspeak:attribute id="40" inc="1">Stealth required</groundspeak:attribute><groundspeak:attribute id="30" inc="1">Picnic tables nearby</groundspeak:attribute><groundspeak:attribute id="26" inc="1">Public transportation nearby</groundspeak:attribute></groundspeak:attributes><groundspeak:difficulty>2</groundspeak:difficulty><groundspeak:terrain>1.5</groundspeak:terrain><groundspeak:country>Sweden</groundspeak:country><groundspeak:state>Stockholm</groundspeak:state><groundspeak:short_description /><groundspeak:long_description>&lt;p&gt;&lt;img src="http://img.geocaching.com/cache/39fecc9b-7c20-48df-8a86-e3be3efe2e86.jpg" /&gt;&lt;br /&gt;

&lt;br /&gt;
&lt;i&gt;Usually when geocaching, you get to see new and interesting
places you probably would not have seen otherwise, and that is one
of the great things about this hobby. But what if you are short of
time when visiting a new town, and want to see the main tourist
attractions and do some geocaching as well?&lt;/i&gt;&lt;/p&gt;
&lt;p&gt;&lt;i&gt;In Stockholm the &lt;b&gt;On the Tourist Trail&lt;/b&gt; (OTTT) –
series of caches could be the answer. These seven caches (plus one
bonus mystery) are all hidden next to main tourist attractions, all
on the Top-ten list of most visited places in town. The OTTT-caches
are all traditionals, the stashes are 0,4 l ”Lock and
Lock”-boxes with enough room for small trading items, and
they should not be too hard to find.&lt;/i&gt;&lt;/p&gt;
&lt;p&gt;&lt;i&gt;The caches are: &lt;a href="http://www.geocaching.com/seek/cache_details.aspx?guid=b1629f16-9f46-49c0-84f9-585d8dbb9b27"&gt;
&lt;b&gt;OTTT #1&lt;/b&gt; – City Hall&lt;/a&gt;, &lt;a href="http://www.geocaching.com/seek/cache_details.aspx?guid=611b097b-e43c-46ee-aae0-32c5b837f720"&gt;
&lt;b&gt;OTTT #2&lt;/b&gt; – Changing of the Guard&lt;/a&gt;, &lt;a href="http://www.geocaching.com/seek/cache_details.aspx?guid=ceedb2d1-e325-4d00-8125-baefed5f6792"&gt;
&lt;b&gt;OTTT #3&lt;/b&gt; – Sightseeing&lt;/a&gt;, &lt;a href="http://www.geocaching.com/seek/cache_details.aspx?guid=891e3d60-a783-4f92-8a4e-ae3f306fcaa3"&gt;
&lt;b&gt;OTTT #4&lt;/b&gt; – Museum of Modern Art&lt;/a&gt;, &lt;a href="http://www.geocaching.com/seek/cache_details.aspx?guid=1d8f6fe3-9062-4c69-8c73-b5fa16009ce5"&gt;
&lt;b&gt;OTTT #5&lt;/b&gt; – Vasa&lt;/a&gt;, &lt;a href="http://www.geocaching.com/seek/cache_details.aspx?guid=23afd7aa-066a-44b2-ada2-43f3f0c85d22"&gt;
&lt;b&gt;OTTT #6&lt;/b&gt; – Skansen&lt;/a&gt;&lt;/i&gt;, &lt;i&gt;&lt;a href="http://www.geocaching.com/seek/cache_details.aspx?guid=2b8b0a96-c3cf-417c-85d6-8c162c43ec5f"&gt;
&lt;b&gt;OTTT #7&lt;/b&gt; – Fjällgatan&lt;/a&gt;&lt;/i&gt; &lt;i&gt;and the bonus
mystery&lt;/i&gt;&lt;i&gt;&lt;a href="http://www.geocaching.com/seek/cache_details.aspx?guid=8cdc612a-0248-4bce-a6d8-71f209770087"&gt;&lt;b&gt;OTTT
#8&lt;/b&gt; – Bulls Eye&lt;/a&gt;&lt;/i&gt;.&lt;/p&gt;
&lt;br /&gt;
&lt;br /&gt;
&lt;img src="http://img.geocaching.com/cache/cd12d7c2-bab3-42b8-9170-5f0bade4bd4a.jpg" /&gt;
&lt;br /&gt;
&lt;br /&gt;
&lt;p&gt;&lt;b&gt;&lt;font size="+2"&gt;Fjällgatan&lt;/font&gt;&lt;/b&gt;&lt;br /&gt;
 &lt;br /&gt;
From here you have one of the best views of Stockholm, don't miss
to bring your camera. If life gets to busy out On the Tourist
Trail, you can rest for a while in the quiet little garden at N 59°
19.028, E 018° 05.162. Or, during summer, have a cup of coffe at
the outdoor café nearby.&lt;br /&gt;
&lt;br /&gt;
&lt;i&gt;&lt;b&gt;Note:&lt;/b&gt; The satellite reception is not to good at this
spot, so the coordinates are probably slightly off within a few
meters. The cache has been muggled several times, so please be very
stealthy while searching, and hide the box well after logging,
thanks.&lt;/i&gt;&lt;br /&gt;
&lt;br /&gt;
In the cache was from start:&lt;br /&gt;
Log book&lt;br /&gt;
Stash note&lt;br /&gt;
Bracelet&lt;br /&gt;
Necklace&lt;br /&gt;
Small car&lt;br /&gt;
Mobile phone stickers&lt;br /&gt;
Small FTF-prize&lt;/p&gt;
&lt;br /&gt;
&lt;br /&gt;
&lt;a rel="nofollow" href="http://www.gccounter.de/" target="_blank" title="Counter"&gt;&lt;img src="http://www.gccounter.de/cgi-bin/counter.pl?ID=2531&amp;amp;vorn=255,255,255&amp;amp;hint=68,110,165&amp;amp;Design=simple" border="0" /&gt;&lt;/a&gt;&lt;br /&gt;
&lt;br /&gt;
&lt;a href="http://www.goingup.com" title="web analytics"&gt;&lt;img src="http://counter.goingup.com/default.php?st=mdnzp35&amp;amp;b=5" border="0" alt="web analytics" /&gt;&lt;/a&gt;</groundspeak:long_description><groundspeak:encoded_hints>Don't get wet ...</groundspeak:encoded_hints><groundspeak:logs><groundspeak:log id="1381264858"><groundspeak:date>2026-08-28T12:00:00</groundspeak:date><groundspeak:type>Found it</groundspeak:type><groundspeak:finder id="9150541">pipi10</groundspeak:finder><groundspeak:text encoded="false">Tftc</groundspeak:text></groundspeak:log><groundspeak:log id="1381264730"><groundspeak:date>2026-08-28T10:52:45</groundspeak:date><groundspeak:type>Found it</groundspeak:type><groundspeak:finder id="6517265">sushi18</groundspeak:finder><groundspeak:text encoded="false">Tftc</groundspeak:text></groundspeak:log><groundspeak:log id="1381124374"><groundspeak:date>2026-08-27T13:19:31</groundspeak:date><groundspeak:type>Found it</groundspeak:type><groundspeak:finder id="10423838">butterfly-n25</groundspeak:finder><groundspeak:text encoded="false">Zusammen mit f1nn gefunden. Danke! Tack!</groundspeak:text></groundspeak:log><groundspeak:log id="1381220375"><groundspeak:date>2026-08-27T12:00:00</groundspeak:date><groundspeak:type>Found it</groundspeak:type><groundspeak:finder id="2020538">f1nn</groundspeak:finder><groundspeak:text encoded="false">Rather quiet here in contrast to the main tourist hotspots, but an area well worth visiting!

Together with butterfly-n25
Hälsningar från Österrike! 🇦🇹
TFTC f1nn</groundspeak:text></groundspeak:log><groundspeak:log id="1380113143"><groundspeak:date>2026-08-22T17:22:28</groundspeak:date><groundspeak:type>Found it</groundspeak:type><groundspeak:finder id="41494182">skyarnas</groundspeak:finder><groundspeak:text encoded="false">TYFTC!! Lätt och kul 😊</groundspeak:text></groundspeak:log><groundspeak:log id="835474692"><groundspeak:date>2019-03-23T12:00:00</groundspeak:date><groundspeak:type>Found it</groundspeak:type><groundspeak:finder id="24157615">mikkokalevi</groundspeak:finder><groundspeak:text encoded="false">Found nicely. Thanks for cache</groundspeak:text></groundspeak:log></groundspeak:logs></groundspeak:cache></wpt><wpt lat="59.317217" lon="18.08615"><time>2007-07-09T00:00:00</time><name>GC148A8</name><desc>Sista Styverns Trappor/Last Farthing's Stairs by kerran&amp;lasse</desc><url>https://www.geocaching.com/geocache/GC148A8</url><urlname>Sista Styverns Trappor/Last Farthing's Stairs</urlname><sym>Geocache Found</sym><type>Geocache|Traditional Cache</type><groundspeak:cache id="639571" available="false" archived="true"><groundspeak:name>Sista Styverns Trappor/Last Farthing's Stairs</groundspeak:name><groundspeak:placed_by>kerran&amp;lasse</groundspeak:placed_by><groundspeak:owner id="941998">kerran&amp;lasse</groundspeak:owner><groundspeak:type>Traditional Cache</groundspeak:type><groundspeak:container>Micro</groundspeak:container><groundspeak:attributes><groundspeak:attribute id="42" inc="1">Needs maintenance</groundspeak:attribute><groundspeak:attribute id="6" inc="1">Recommended for kids</groundspeak:attribute><groundspeak:attribute id="1" inc="1">Dogs</groundspeak:attribute><groundspeak:attribute id="8" inc="1">Scenic view</groundspeak:attribute><groundspeak:attribute id="13" inc="1">Available 24/7</groundspeak:attribute><groundspeak:attribute id="7" inc="1">Takes less than one hour</groundspeak:attribute><groundspeak:attribute id="32" inc="1">Bicycles</groundspeak:attribute><groundspeak:attribute id="15" inc="1">Available in winter</groundspeak:attribute></groundspeak:attributes><groundspeak:difficulty>1</groundspeak:difficulty><groundspeak:terrain>1.5</groundspeak:terrain><groundspeak:country>Sweden</groundspeak:country><groundspeak:state>Stockholm</groundspeak:state><groundspeak:short_description /><groundspeak:long_description>De ursprungliga Sista Styverns Trappor byggdes antagligen på 1600-talet. De var av trä och slingrade sig, smala och branta, från Stadsgården och upp på Stigberget,  bredvid andra liknande trappor. Sista Styvern var en av krogarna nere i Stadsgården och där tog man en sista sup innan man seglade ut – eller tog sig upp för trapporna. Stigberget kallades förr Galgberget och var en av Stockholms avrättningsplatser. Högst upp på berget fanns galgen och den syntes avskräckande över hela stan och var också inritad på dåtidens sjökort. Galgen hade ett fundament av sten och där ovanpå tre stenpelare med träbjälkar mellan sig och vid dem var repen fästade. Fullhängt var det när nio kroppar dinglade i galgen. Trapporna som är kvar idag går från Fjällgatan, som förr hette Galgbergsgatan, upp till Stigbergsgatan som i sin tur bödeln själv givit namn åt: Mikaelsgränd eller Mikaels Trappgränd.

---

The original Last Farthing’s Stairs were probably built in the 17th century. They were made of wood and winded, tiny and steep, from Stadsgården beside the water up to Stigberget, the mountain that also had the name of Gallows Mountain. They say that the gallows was fully-hanged when nine bodies were swinging. The gallows was seen all over Stockholm and was perhaps a deterrent landmark.</groundspeak:long_description><groundspeak:encoded_hints>(SWE) 12 steg upp
(ENG) 12 steps up
</groundspeak:encoded_hints><groundspeak:logs><groundspeak:log id="1106594768"><groundspeak:date>2022-06-27T10:02:59</groundspeak:date><groundspeak:type>Archived</groundspeak:type><groundspeak:finder id="4037893">Toa Norik</groundspeak:finder><groundspeak:text encoded="false">#This cache has been archived by a Swedish reviewer#
 
Hej kerran&amp;lasse!

För ett tag informerade vi dig om att allt inte verkade stå rätt till med din cache och bad dig då ta reda på hur det stod till, samt åtgärda eventuella problem. Då det inte syns några tecken på att du gjort det, kommer jag nu att arkivera din cache. 

Jag ber dig plocka in ev. rester av din cache så att de inte ligger kvar och skräpar ner.

Hälsningar  
Toa Norik, reviewer

-------------------------
Besök gärna [Sveriges avdelning i Geocachings officiella wiki](https://wiki.groundspeak.com/display/GEO/Sweden) , där du hittar information för dig som cacheägare.</groundspeak:text></groundspeak:log><groundspeak:log id="1099397370"><groundspeak:date>2022-05-27T09:23:28</groundspeak:date><groundspeak:type>Unknown</groundspeak:type><groundspeak:finder id="4037893">Toa Norik</groundspeak:finder><groundspeak:text encoded="false">#This is a log from a Swedish reviewer, indicating that some kind of action with the cache is required by the cache owner#
 
Hej kerran&amp;lasse!

Som en del av mitt uppdrag som reviewer så har jag tittat på den här cachen och **min bedömning är att den behöver någon form av åtgärd från dig som cacheägare, och jag kommer därför att avaktivera den tills vidare**. Att jag har tittat närmare på cachen kan till exempel bero på att någon har loggat ”Needs maintenance” eller att flera besökare misslyckats att hitta din cache på sistone. Jag har inte besökt din cache och kan därför inte veta exakt vilket skick den är i, utan har gjort min bedömning utifrån den information som syns här på cachesidan.

Jag får be dig att **snarast själv ta reda på hur det står till med din cache och bestämma dig för vad som är en lämplig åtgärd**. När du har bestämt dig loggar du någon/några av följande loggtyper:

1. **Underhållslogg** - När du varit ute och utfört underhåll på din cache (eller om cachen felaktigt flaggats med attributet ”Needs maintenance", ett vitt kors på röd bakgrund). Attributet för underhållsbehov försvinner automatiskt när du loggar denna loggtyp.
2. **Aktiveringslogg** - När cachen är underhållen, loggbar och inte längre har attributet ”Needs maintenance”.
3. **Note** - Om du planerar att åtgärda cachen men av någon anledning inte kan göra detta direkt (Absolut nödvändigt om det kommer ta mer än 30 dagar, men lämpligt även om det tar mer än 1-2 veckor). Skriv då en tidsuppskattning. Vet du inte när den kan aktiveras kan du skriva en tidsplan för när du senast kommer uppdatera med ny information.
4. **Arkiveringslogg** - Om du väljer att inte ha kvar cachen (glöm inte att en arkiverad cache skall hämtas in så den inte blir skräp i skog och mark). Tänk på att du inte kan ångra en arkivering på egen hand. Den är tänkt att vara en permanent borttagning av din cache.

Det ligger i allas intresse att de cacher som är aktiva är loggningsbara, varför vi reviewers har fått i uppdrag att arkivera cacher som inte är det. **Om det inte noterats någon åtgärd med cachen från dig som cacheägare inom 30 dagar kommer därför din cache att arkiveras**.

Jag vill även be dig att hantera informationen om dina planer/åtgärder via loggar här på 
cachesidan och inte genom att skicka ett mejl till mig. Detta gör att både jag och dina besökare ser vilka planer som finns för cachen. För mer utförlig information om avaktiveringen av din cache, se  ([länk](http://swedenreviewers.se/cachedisabled.aspx))

Hälsningar
Toa Norik, reviewer

-------------------------
Besök gärna [Sveriges avdelning i Geocachings officiella wiki](https://wiki.groundspeak.com/display/GEO/Sweden) , där du hittar information för dig som cacheägare.</groundspeak:text></groundspeak:log><groundspeak:log id="1098266399"><groundspeak:date>2022-05-22T11:18:34</groundspeak:date><groundspeak:type>Didn't find it</groundspeak:type><groundspeak:finder id="1070665">sao_9</groundspeak:finder><groundspeak:text encoded="false">Quick look as was passing but sadly no luck for me either. </groundspeak:text></groundspeak:log><groundspeak:log id="1097696903"><groundspeak:date>2022-05-19T17:27:42</groundspeak:date><groundspeak:type>Unknown</groundspeak:type><groundspeak:finder id="8582438">Aasann</groundspeak:finder><groundspeak:text encoded="false">This geocacher reported that the cache might be missing.</groundspeak:text></groundspeak:log><groundspeak:log id="1097696901"><groundspeak:date>2022-05-19T12:00:00</groundspeak:date><groundspeak:type>Didn't find it</groundspeak:type><groundspeak:finder id="8582438">Aasann</groundspeak:finder><groundspeak:text encoded="false">Hittar inget här, tyvärr. </groundspeak:text></groundspeak:log><groundspeak:log id="835473654"><groundspeak:date>2019-03-23T12:00:00</groundspeak:date><groundspeak:type>Found it</groundspeak:type><groundspeak:finder id="24157615">mikkokalevi</groundspeak:finder><groundspeak:text encoded="false">Found nicely. Thanks for cache</groundspeak:text></groundspeak:log></groundspeak:logs></groundspeak:cache></wpt><wpt lat="59.31421666666667" lon="18.09685"><time>2018-07-21T00:00:00</time><name>GC7TYXJ</name><desc>Åsöberget by Hörnfeldt</desc><url>https://www.geocaching.com/geocache/GC7TYXJ</url><urlname>Åsöberget</urlname><sym>Geocache Found</sym><type>Geocache|Traditional Cache</type><groundspeak:cache id="6827057" available="true" archived="false"><groundspeak:name>Åsöberget</groundspeak:name><groundspeak:placed_by>Hörnfeldt</groundspeak:placed_by><groundspeak:owner id="15750805">Hörnfeldt</groundspeak:owner><groundspeak:type>Traditional Cache</groundspeak:type><groundspeak:container>Micro</groundspeak:container><groundspeak:attributes><groundspeak:attribute id="42" inc="1">Needs maintenance</groundspeak:attribute><groundspeak:attribute id="6" inc="1">Recommended for kids</groundspeak:attribute><groundspeak:attribute id="1" inc="1">Dogs</groundspeak:attribute><groundspeak:attribute id="8" inc="1">Scenic view</groundspeak:attribute><groundspeak:attribute id="13" inc="1">Available 24/7</groundspeak:attribute><groundspeak:attribute id="7" inc="1">Takes less than one hour</groundspeak:attribute><groundspeak:attribute id="40" inc="1">Stealth required</groundspeak:attribute><groundspeak:attribute id="26" inc="1">Public transportation nearby</groundspeak:attribute><groundspeak:attribute id="15" inc="1">Available in winter</groundspeak:attribute></groundspeak:attributes><groundspeak:difficulty>3</groundspeak:difficulty><groundspeak:terrain>2</groundspeak:terrain><groundspeak:country>Sweden</groundspeak:country><groundspeak:state>Stockholm</groundspeak:state><groundspeak:long_description>&lt;p&gt;&amp;Aring;s&amp;ouml;berget str&amp;auml;cker sig fr&amp;aring;n s&amp;ouml;der om Folkungagatan vid Londonviadukten till &amp;Aring;s&amp;ouml;gatan/Duvn&amp;auml;sgatan och Kvastmakarbacken/Gruvbacken. Bergets yta, som uppg&amp;aring;r till 1,8 hektar, n&amp;aring;r en h&amp;ouml;gsta h&amp;ouml;jd p&amp;aring; 37 meter &amp;ouml;ver havet. P&amp;aring; berget finns tr&amp;auml;husbebyggelse, sammanlagt ett 30-tal k&amp;aring;kar, av vilka flera uppf&amp;ouml;rdes under 1700-talet. De flesta husen har ett v&amp;aring;ningsplan. Taken &amp;auml;r t&amp;auml;ckta med tegelpannor. Husen &amp;auml;r utv&amp;auml;ndigt kl&amp;auml;dda med r&amp;ouml;dm&amp;aring;lad tr&amp;auml;panel. Mellan husen, till exempel p&amp;aring; Lotsgatan l&amp;ouml;pte plank. Fr&amp;aring;n parkomr&amp;aring;det, som anlades 1929-1934, har man utsikt &amp;ouml;ver Saltsj&amp;ouml;n. P&amp;aring; den norra delen g&amp;aring;r Saltsj&amp;ouml;banan f&amp;ouml;rbi, och under n&amp;aring;gra &amp;aring;r p&amp;aring; 1890-talet l&amp;aring;g stationen Tegelviken vid Kvastmakartrappan.&lt;/p&gt;

&lt;p&gt;Fram till 1600-talat bestod omr&amp;aring;det till stor del av tr&amp;auml;dg&amp;aring;rdar och g&amp;aring;rdar, bland annat Hedbergs malmg&amp;aring;rd. Flera tr&amp;auml;dg&amp;aring;rdsm&amp;auml;stare bebodde omr&amp;aring;det. Bebyggelsen i den d&amp;aring;varande stadens utkanter, var sparsam. P&amp;aring; Petrus Tillaeus karta fr&amp;aring;n 1733 &amp;auml;r endast ett hus, f&amp;ouml;rmodligen tr&amp;auml;dg&amp;aring;rdsm&amp;auml;starens, inritat i kvarteret.&lt;/p&gt;

&lt;p&gt;M&amp;aring;nga av familjerna som bodde p&amp;aring; Lotsgatan, &amp;Aring;s&amp;ouml;gatan och andra mindre gator p&amp;aring; &amp;Aring;s&amp;ouml;berget var varvsarbetare vid S&amp;ouml;dra varvet. &amp;Auml;ven andra yrken med anknytning till sj&amp;ouml;fart fanns representerade. Under bostadsn&amp;ouml;den vid 1800-talets slut tr&amp;auml;ngdes fattigt folk i de sm&amp;aring; stugorna, som slets h&amp;aring;rd. F&amp;ouml;rfallet fortsatte till l&amp;aring;ngt in p&amp;aring; 1900-talet. F&amp;ouml;rst 1956 fattade Stockholms kommunfullm&amp;auml;ktige beslut om att hela bebyggelsen p&amp;aring; &amp;Aring;s&amp;ouml;berget skulle upprustas. R&amp;ouml;tskador och andra missf&amp;ouml;rh&amp;aring;llanden gjorde renoveringsarbetet omfattande.&lt;/p&gt;

&lt;p&gt;&amp;Aring;s&amp;ouml;berget och dess tr&amp;auml;hus har varit med i flera filmer, bland annat i Mina dr&amp;ouml;mmars stad fr&amp;aring;n 1976.&lt;/p&gt;
</groundspeak:long_description><groundspeak:encoded_hints>Trä/Wood</groundspeak:encoded_hints><groundspeak:logs><groundspeak:log id="1381127844"><groundspeak:date>2026-08-27T13:42:38</groundspeak:date><groundspeak:type>Found it</groundspeak:type><groundspeak:finder id="10423838">butterfly-n25</groundspeak:finder><groundspeak:text encoded="false">Zusammen mit f1nn gefunden. Danke! Tack!</groundspeak:text></groundspeak:log><groundspeak:log id="1381220719"><groundspeak:date>2026-08-27T12:00:00</groundspeak:date><groundspeak:type>Found it</groundspeak:type><groundspeak:finder id="2020538">f1nn</groundspeak:finder><groundspeak:text encoded="false">A very nice area and a good hide!

Together with butterfly-n25
Hälsningar från Österrike! 🇦🇹
TFTC f1nn</groundspeak:text></groundspeak:log><groundspeak:log id="1377932924"><groundspeak:date>2026-08-11T17:36:56</groundspeak:date><groundspeak:type>Found it</groundspeak:type><groundspeak:finder id="53289286">KarlStene</groundspeak:finder><groundspeak:text encoded="false">Lite klurig men tillslut så </groundspeak:text></groundspeak:log><groundspeak:log id="1377931874"><groundspeak:date>2026-08-11T17:32:30</groundspeak:date><groundspeak:type>Found it</groundspeak:type><groundspeak:finder id="32452646">Kollb</groundspeak:finder><groundspeak:text encoded="false">Här letade vi en stund men tillslut fick KarlStene syn på något som stack ut och där var den. Tftc! </groundspeak:text></groundspeak:log><groundspeak:log id="1377860821"><groundspeak:date>2026-08-11T12:00:00</groundspeak:date><groundspeak:type>Found it</groundspeak:type><groundspeak:finder id="51262496">DieAusternfischer</groundspeak:finder><groundspeak:text encoded="false">Gleich legen wir mit der AIDA Diva wieder ab. Wir hatten eine tolle Zeit hier in Stockholm 🇸🇪🌊❤️⚓️

Hier mussten wir etwas suchen, fies aber gut gemacht! 😄


Hier konnten wir auch noch einen tollen Blick auf das Schiff werden ⛵️🛟🌊

Vielen Dank und viele Grüße aus Deutschland!</groundspeak:text></groundspeak:log><groundspeak:log id="835468146"><groundspeak:date>2019-03-23T12:00:00</groundspeak:date><groundspeak:type>Found it</groundspeak:type><groundspeak:finder id="24157615">mikkokalevi</groundspeak:finder><groundspeak:text encoded="false">Thanks for cache</groundspeak:text></groundspeak:log></groundspeak:logs></groundspeak:cache></wpt><wpt lat="59.314" lon="18.104633"><time>2007-07-05T00:00:00</time><name>GC145H2</name><desc>Danvik by kerran&amp;lasse</desc><url>https://www.geocaching.com/geocache/GC145H2</url><urlname>Danvik</urlname><sym>Geocache Found</sym><type>Geocache|Traditional Cache</type><groundspeak:cache id="636899" available="false" archived="true"><groundspeak:name>Danvik</groundspeak:name><groundspeak:placed_by>kerran&amp;lasse</groundspeak:placed_by><groundspeak:owner id="941998">kerran&amp;lasse</groundspeak:owner><groundspeak:type>Traditional Cache</groundspeak:type><groundspeak:container>Micro</groundspeak:container><groundspeak:attributes><groundspeak:attribute id="1" inc="1">Dogs</groundspeak:attribute><groundspeak:attribute id="13" inc="1">Available 24/7</groundspeak:attribute><groundspeak:attribute id="32" inc="1">Bicycles</groundspeak:attribute><groundspeak:attribute id="15" inc="1">Available in winter</groundspeak:attribute></groundspeak:attributes><groundspeak:difficulty>1.5</groundspeak:difficulty><groundspeak:terrain>1</groundspeak:terrain><groundspeak:country>Sweden</groundspeak:country><groundspeak:state>Stockholm</groundspeak:state><groundspeak:short_description /><groundspeak:long_description>I sänkan mellan Hammarby sjö och Saltsjön lät Gustav Vasa bygga Danvikens Hospital. Den typen av verksamhet ville man inte ha innanför murarna! Men Gustav Vasa höjde också vattennivån i Hammarby sjö så att vattnet forsade ut i Saltsjön vid Hospitalet och man använde vattenkraften till en kvarn och en smedja.

Tiden gick och norra delen av Hammarby sjö, som leder till Danvikskanalen, blev platsen för Barnängens klädesfabrik, under lång tid Stockholms största arbetsplats med 640 arbetare på 1780-talet. I närheten anlades Liljeholmens Stearinfabrik och ett flertal andra industrier.

I och med Hammarbyledens tillkomst på 1920-talet och sprängningen av Danvikskanalen, så har Hammarby sjö och Saltsjön samma vattennivå. 1922 stod den första Danviksbron klar. Det var en enkelarmad klaffbro med motvikt av betong. 1956 var den andra bron av snarlik konstruktion klar. Ett flertal förbättringar har skett under årens lopp – och så lär det fortsätta…
…………….

On the north shore of the Hammarby Lake there were several industries, the Barnängen spinning mills and toiletries factory and the Liljeholmen candle factory being the biggest.

In the 1920s the Danvik canal was blasted and all the Hammarby channel was ready. In 1922 a single leaf bascule bridge with a concrete counterweight was placed and in 1956 another bridge of similar construction was added. Several improvements and enlargements have been made during the years – and so it will continue…</groundspeak:long_description><groundspeak:encoded_hints>(SVE) Hål, ca 4 m ö h
(ENG) Hole, abt 4 m above sea
</groundspeak:encoded_hints><groundspeak:logs><groundspeak:log id="1139012964"><groundspeak:date>2022-11-26T09:03:09</groundspeak:date><groundspeak:type>Archived</groundspeak:type><groundspeak:finder id="4037893">Toa Norik</groundspeak:finder><groundspeak:text encoded="false">#This cache has been archived by a Swedish reviewer#
 
Hej kerran&amp;lasse!

För ett tag informerade vi dig om att allt inte verkade stå rätt till med din cache och bad dig då ta reda på hur det stod till, samt åtgärda eventuella problem. Då det inte syns några tecken på att du gjort det, kommer jag nu att arkivera din cache. 

Jag ber dig plocka in ev. rester av din cache så att de inte ligger kvar och skräpar ner.

Hälsningar  
Toa Norik, reviewer

-------------------------
Besök gärna [Sveriges avdelning i Geocachings officiella wiki](https://wiki.groundspeak.com/display/GEO/Sweden) , där du hittar information för dig som cacheägare.</groundspeak:text></groundspeak:log><groundspeak:log id="1134048599"><groundspeak:date>2022-10-26T18:40:31</groundspeak:date><groundspeak:type>Unknown</groundspeak:type><groundspeak:finder id="4037893">Toa Norik</groundspeak:finder><groundspeak:text encoded="false">#This is a log from a Swedish reviewer, indicating that some kind of action with the cache is required by the cache owner#
 
Hej kerran&amp;lasse!

Som en del av mitt uppdrag som reviewer så har jag tittat på den här cachen och **min bedömning är att den behöver någon form av åtgärd från dig som cacheägare, och jag kommer därför att avaktivera den tills vidare**. Att jag har tittat närmare på cachen kan till exempel bero på att någon har loggat ”Needs maintenance” eller att flera besökare misslyckats att hitta din cache på sistone. Jag har inte besökt din cache och kan därför inte veta exakt vilket skick den är i, utan har gjort min bedömning utifrån den information som syns här på cachesidan.

Jag får be dig att **snarast själv ta reda på hur det står till med din cache och bestämma dig för vad som är en lämplig åtgärd**. När du har bestämt dig loggar du någon/några av följande loggtyper:

1. **Underhållslogg** - När du varit ute och utfört underhåll på din cache (eller om cachen felaktigt flaggats med attributet ”Needs maintenance", ett vitt kors på röd bakgrund). Attributet för underhållsbehov försvinner automatiskt när du loggar denna loggtyp.
2. **Aktiveringslogg** - När cachen är underhållen, loggbar och inte längre har attributet ”Needs maintenance”.
3. **Note** - Om du planerar att åtgärda cachen men av någon anledning inte kan göra detta direkt (Absolut nödvändigt om det kommer ta mer än 30 dagar, men lämpligt även om det tar mer än 1-2 veckor). Skriv då en tidsuppskattning. Vet du inte när den kan aktiveras kan du skriva en tidsplan för när du senast kommer uppdatera med ny information.
4. **Arkiveringslogg** - Om du väljer att inte ha kvar cachen (glöm inte att en arkiverad cache skall hämtas in så den inte blir skräp i skog och mark). Tänk på att du inte kan ångra en arkivering på egen hand. Den är tänkt att vara en permanent borttagning av din cache.

Det ligger i allas intresse att de cacher som är aktiva är loggningsbara, varför vi reviewers har fått i uppdrag att arkivera cacher som inte är det. **Om det inte noterats någon åtgärd med cachen från dig som cacheägare inom 30 dagar kommer därför din cache att arkiveras**.

Jag vill även be dig att hantera informationen om dina planer/åtgärder via loggar här på 
cachesidan och inte genom att skicka ett mejl till mig. Detta gör att både jag och dina besökare ser vilka planer som finns för cachen. För mer utförlig information om avaktiveringen av din cache, se  ([länk](http://swedenreviewers.se/cachedisabled.aspx))

Hälsningar
Toa Norik, reviewer

-------------------------
Besök gärna [Sveriges avdelning i Geocachings officiella wiki](https://wiki.groundspeak.com/display/GEO/Sweden) , där du hittar information för dig som cacheägare.</groundspeak:text></groundspeak:log><groundspeak:log id="1133686281"><groundspeak:date>2022-10-24T15:59:20</groundspeak:date><groundspeak:type>Didn't find it</groundspeak:type><groundspeak:finder id="8073290">Katharinaochjohan</groundspeak:finder><groundspeak:text encoded="false">Den här hittade vi inte. </groundspeak:text></groundspeak:log><groundspeak:log id="1130158336"><groundspeak:date>2022-10-07T15:21:34</groundspeak:date><groundspeak:type>Didn't find it</groundspeak:type><groundspeak:finder id="18897562">rudiswim99</groundspeak:finder><groundspeak:text encoded="false">Hitta ej</groundspeak:text></groundspeak:log><groundspeak:log id="1127767640"><groundspeak:date>2022-09-25T09:49:21</groundspeak:date><groundspeak:type>Unknown</groundspeak:type><groundspeak:finder id="4037893">Toa Norik</groundspeak:finder><groundspeak:text encoded="false">Ännu Ingen åtgärd på denna. Denna riskerar att om en månad att bli avaktiverad då CO inte verkar vilja ta hand om denna längre.
//Toa Norik</groundspeak:text></groundspeak:log><groundspeak:log id="835465419"><groundspeak:date>2019-03-23T12:00:00</groundspeak:date><groundspeak:type>Found it</groundspeak:type><groundspeak:finder id="24157615">mikkokalevi</groundspeak:finder><groundspeak:text encoded="false">Found at last.. thanks for cache</groundspeak:text></groundspeak:log></groundspeak:logs></groundspeak:cache></wpt><wpt lat="59.314533" lon="18.1019"><time>2002-01-21T00:00:00</time><name>GC341B</name><desc>Vanity place  (Stockholm) by IT-gubben (Adopted by BaronessanBosse)</desc><url>https://www.geocaching.com/geocache/GC341B</url><urlname>Vanity place  (Stockholm)</urlname><sym>Geocache Found</sym><type>Geocache|Traditional Cache</type><groundspeak:cache id="13339" available="true" archived="false"><groundspeak:name>Vanity place  (Stockholm)</groundspeak:name><groundspeak:placed_by>IT-gubben (Adopted by BaronessanBosse)</groundspeak:placed_by><groundspeak:owner id="19437810">BaronessanBosse</groundspeak:owner><groundspeak:type>Traditional Cache</groundspeak:type><groundspeak:container>Micro</groundspeak:container><groundspeak:attributes><groundspeak:attribute id="1" inc="1">Dogs</groundspeak:attribute><groundspeak:attribute id="8" inc="1">Scenic view</groundspeak:attribute><groundspeak:attribute id="13" inc="1">Available 24/7</groundspeak:attribute><groundspeak:attribute id="7" inc="1">Takes less than one hour</groundspeak:attribute><groundspeak:attribute id="25" inc="1">Parking nearby</groundspeak:attribute><groundspeak:attribute id="30" inc="1">Picnic tables nearby</groundspeak:attribute><groundspeak:attribute id="15" inc="1">Available in winter</groundspeak:attribute></groundspeak:attributes><groundspeak:difficulty>2</groundspeak:difficulty><groundspeak:terrain>3</groundspeak:terrain><groundspeak:country>Sweden</groundspeak:country><groundspeak:state>Stockholm</groundspeak:state><groundspeak:short_description>&lt;h3&gt;View&lt;/h3&gt;

</groundspeak:short_description><groundspeak:long_description>&lt;h5&gt;From this please, you have a beautiful view over the area, &lt;a href="http://sv.wikipedia.org/wiki/Hammarby_Sj%C3%B6stad"&gt;&lt;span style="color:blue;"&gt;Hammarby see town&lt;/span&gt;&lt;/a&gt;.&lt;/h5&gt;
&lt;p&gt;Good luck! &lt;img src="http://www.geocaching.com/images/icons/icon_smile_big.gif" /&gt; A nice place for a &lt;a href="http://www.fafangan.se/" rel="nofollow"&gt;&lt;span style="color:blue;"&gt;coffe break&lt;/span&gt;&lt;/a&gt; maybe!&lt;/p&gt;
&lt;p&gt;The cache is a black 35mm filmcanister.&lt;/p&gt;
&lt;p&gt;&lt;strong&gt;Contents from the beginning:&lt;/strong&gt;&lt;/p&gt;
&lt;ul&gt;
&lt;li&gt;Loggstrip&lt;/li&gt;
&lt;li&gt;Pencil stump&lt;/li&gt;
&lt;li&gt;&lt;a href="http://www.e.kth.se/~e98_bbe/kth/pennvassare/pennvassare.html" rel="nofollow"&gt;&lt;span style="color:blue;"&gt;Pencil-sharpener&lt;/span&gt;&lt;/a&gt;&lt;/li&gt;
&lt;/ul&gt;
&lt;div style="background-color:#ebebeb;border-color:black;border-radius:7px;border-style:solid;border-width:2px;padding:10px 10px 10px 10px;"&gt;Jan "&lt;a href="https://www.geocaching.com/p/?u=IT-gubben"&gt;IT-gubben&lt;/a&gt;" Wåland var en av förfäderna och en legend i geocaching Sverige. Mellan åren 2001 och 2010 placerade han ut 134 gömmor runtom i Sverige, platser som han hade besökt – och som han vill att flera skulle upptäcka.&lt;br /&gt;
Tyvärr lämnade Jan oss i 2020. Under hösten samma år kontaktades familjen om att adoptera de sjuttiotal aktiva IT-gubben cachar, för att hålla dessa i liv och för framtida generationer. I april 2021 startades projektet &lt;strong&gt;Rädda IT-gubbens geoskatt!&lt;/strong&gt; – med målsättning att finna lokala geocachare som vill adoptera och förvalta en eller flera av IT-gubbens gömmor nära sig.&lt;br /&gt;
// BaronessanBosse, YankeeDude med flera&lt;/div&gt;

</groundspeak:long_description><groundspeak:encoded_hints>Hidden in a stone wall behind a smaller stone.</groundspeak:encoded_hints><groundspeak:logs><groundspeak:log id="1382097918"><groundspeak:date>2026-09-01T13:06:55</groundspeak:date><groundspeak:type>Didn't find it</groundspeak:type><groundspeak:finder id="5558849">____Margit86</groundspeak:finder><groundspeak:text encoded="false">😢 </groundspeak:text></groundspeak:log><groundspeak:log id="1381645539"><groundspeak:date>2026-08-30T12:00:00</groundspeak:date><groundspeak:type>Found it</groundspeak:type><groundspeak:finder id="1649832">Darkwoman</groundspeak:finder><groundspeak:text encoded="false">Zusammen mit darkman schnell gefunden</groundspeak:text></groundspeak:log><groundspeak:log id="1381645075"><groundspeak:date>2026-08-30T12:00:00</groundspeak:date><groundspeak:type>Found it</groundspeak:type><groundspeak:finder id="1649735">darkman1235</groundspeak:finder><groundspeak:text encoded="false">Zusammen mit Darkwoman gefunden.</groundspeak:text></groundspeak:log><groundspeak:log id="1381659663"><groundspeak:date>2026-08-30T11:00:39</groundspeak:date><groundspeak:type>Found it</groundspeak:type><groundspeak:finder id="1261077">Panda99</groundspeak:finder><groundspeak:text encoded="false">Vi besökte Stockholm idag med AidaMar. Under en kort morgonpromenad hittade vi några cacher. Stort tack för att ni visade oss dem.</groundspeak:text></groundspeak:log><groundspeak:log id="1381644246"><groundspeak:date>2026-08-30T09:29:16</groundspeak:date><groundspeak:type>Found it</groundspeak:type><groundspeak:finder id="5226870">mm347</groundspeak:finder><groundspeak:text encoded="false">A short walk up that hill to have this wonderful panoramic view. I forgot my pen, so I take the chance for a photo log. TFTC</groundspeak:text></groundspeak:log><groundspeak:log id="835461501"><groundspeak:date>2019-03-23T12:00:00</groundspeak:date><groundspeak:type>Found it</groundspeak:type><groundspeak:finder id="24157615">mikkokalevi</groundspeak:finder><groundspeak:text encoded="false">My first in Sweden, thanks for cache</groundspeak:text></groundspeak:log></groundspeak:logs></groundspeak:cache></wpt><wpt lat="59.311383" lon="18.0872"><time>2018-02-20T02:32:59</time><name>017B78D</name><cmt>Elsa Borg</cmt><desc>Virtual stage</desc><url>https://www.geocaching.com/seek/wpt.aspx?WID=eb1b0dff-1092-431b-b05c-4ccaae387c77</url><urlname>Virtual stage</urlname><sym>Reference Point</sym><type>Waypoint|Reference Point</type></wpt><wpt lat="59.325" lon="18.061383"><time>2018-02-20T02:32:59</time><name>027B78D</name><cmt>Evert Taube</cmt><desc>Virtual stage</desc><url>https://www.geocaching.com/seek/wpt.aspx?WID=f3266b1c-1358-42cd-a63f-d038b3ea9ddd</url><urlname>Virtual stage</urlname><sym>Reference Point</sym><type>Waypoint|Reference Point</type></wpt><wpt lat="59.325883" lon="18.06735"><time>2018-02-20T02:32:59</time><name>037B78D</name><cmt>Lars Johan Hjerta</cmt><desc>Virtual stage</desc><url>https://www.geocaching.com/seek/wpt.aspx?WID=78419c83-7199-4bfd-8eda-7f034231b0c3</url><urlname>Virtual stage</urlname><sym>Reference Point</sym><type>Waypoint|Reference Point</type></wpt><wpt lat="59.33255" lon="18.074783"><time>2018-02-20T02:32:59</time><name>047B78D</name><cmt>J J Berzelius</cmt><desc>Virtual stage</desc><url>https://www.geocaching.com/seek/wpt.aspx?WID=b931cf8d-0c9d-4e0b-b83e-e4845be27c07</url><urlname>Virtual stage</urlname><sym>Reference Point</sym><type>Waypoint|Reference Point</type></wpt><wpt lat="59.334183" lon="18.063267"><time>2021-12-14T04:29:40</time><name>057B78D</name><cmt>Sergelminnet</cmt><desc>Virtual stage</desc><url>https://www.geocaching.com/seek/wpt.aspx?WID=e7445e7f-b6e4-4263-97e8-59e33d8b9f0f</url><urlname>Virtual stage</urlname><sym>Reference Point</sym><type>Waypoint|Reference Point</type></wpt><wpt lat="59.330467" lon="18.05895"><time>2018-02-20T02:32:59</time><name>067B78D</name><cmt>Nils Eriksson</cmt><desc>Virtual stage</desc><url>https://www.geocaching.com/seek/wpt.aspx?WID=e8905eca-f79c-4847-9cb9-ef7c010e138c</url><urlname>Virtual stage</urlname><sym>Reference Point</sym><type>Waypoint|Reference Point</type></wpt><wpt lat="59.331567" lon="18.060767"><time>2018-02-20T02:32:59</time><name>077B78D</name><cmt>Nils Ferlin</cmt><desc>Virtual stage</desc><url>https://www.geocaching.com/seek/wpt.aspx?WID=ac4bc2a2-c279-4ede-b728-8f586e1305bd</url><urlname>Virtual stage</urlname><sym>Reference Point</sym><type>Waypoint|Reference Point</type></wpt><wpt lat="59.3525" lon="18.0524"><time>2018-02-20T02:32:59</time><name>087B78D</name><cmt>August Strindberg (Den unge Strindberg)</cmt><desc>Virtual stage</desc><url>https://www.geocaching.com/seek/wpt.aspx?WID=62e2a93c-be5b-4af5-9e7a-1267dc4c016c</url><urlname>Virtual stage</urlname><sym>Reference Point</sym><type>Waypoint|Reference Point</type></wpt><wpt lat="59.33835" lon="18.055283"><time>2018-02-20T02:32:59</time><name>097B78D</name><cmt>August Strindberg</cmt><desc>Virtual stage</desc><url>https://www.geocaching.com/seek/wpt.aspx?WID=2e994a63-7318-4b55-8bfe-627c586ec056</url><urlname>Virtual stage</urlname><sym>Reference Point</sym><type>Waypoint|Reference Point</type></wpt><wpt lat="59.34025" lon="18.0752"><time>2018-02-20T02:32:59</time><name>107B78D</name><cmt>C W Scheele</cmt><desc>Virtual stage</desc><url>https://www.geocaching.com/seek/wpt.aspx?WID=749d9725-4329-4711-8d55-ebc8e9f7602b</url><urlname>Virtual stage</urlname><sym>Reference Point</sym><type>Waypoint|Reference Point</type></wpt><wpt lat="59.3408" lon="18.072717"><time>2018-02-20T02:32:59</time><name>117B78D</name><cmt>Fredrika Bremer</cmt><desc>Virtual stage</desc><url>https://www.geocaching.com/seek/wpt.aspx?WID=43adf5dd-a73f-45c5-9c9f-b3f6e2293c88</url><urlname>Virtual stage</urlname><sym>Reference Point</sym><type>Waypoint|Reference Point</type></wpt><wpt lat="59.333167" lon="18.076383"><time>2018-02-20T02:32:59</time><name>127B78D</name><cmt>Margareta Krook</cmt><desc>Virtual stage</desc><url>https://www.geocaching.com/seek/wpt.aspx?WID=cf97eefd-d02c-44d8-970e-cb85269c874a</url><urlname>Virtual stage</urlname><sym>Reference Point</sym><type>Waypoint|Reference Point</type></wpt><wpt lat="59.319933" lon="18.11325"><time>2018-02-20T02:32:59</time><name>137B78D</name><cmt>Carl von Linné</cmt><desc>Virtual stage</desc><url>https://www.geocaching.com/seek/wpt.aspx?WID=72293948-2c83-46b0-930a-0c779ca6129c</url><urlname>Virtual stage</urlname><sym>Reference Point</sym><type>Waypoint|Reference Point</type></wpt><wpt lat="59.330383" lon="18.0965"><time>2018-02-20T02:32:59</time><name>147B78D</name><cmt>Gunnar Wennerberg</cmt><desc>Virtual stage</desc><url>https://www.geocaching.com/seek/wpt.aspx?WID=b6bee7c1-99bc-4150-973e-0bb73580a8b2</url><urlname>Virtual stage</urlname><sym>Reference Point</sym><type>Waypoint|Reference Point</type></wpt><wpt lat="59.329233" lon="18.102083"><time>2018-02-20T02:32:59</time><name>157B78D</name><cmt>Jenny Lind</cmt><desc>Virtual stage</desc><url>https://www.geocaching.com/seek/wpt.aspx?WID=030f2c5b-447f-4206-b5c4-0202cca0f9c5</url><urlname>Virtual stage</urlname><sym>Reference Point</sym><type>Waypoint|Reference Point</type></wpt><wpt lat="59.3248" lon="18.0983"><time>2018-02-21T04:07:33</time><name>167B78D</name><cmt>Carl Michael Bellman</cmt><desc>Virtual stage</desc><url>https://www.geocaching.com/seek/wpt.aspx?WID=68af3499-ac54-4dd3-9d7b-1cdf0b88afef</url><urlname>Virtual stage</urlname><sym>Reference Point</sym><type>Waypoint|Reference Point</type></wpt><wpt lat="59.337783" lon="18.070633"><time>2018-03-03T11:26:55</time><name>177B78D</name><cmt>Hjalmar Söderberg</cmt><desc>Virtual stage</desc><url>https://www.geocaching.com/seek/wpt.aspx?WID=705e23ab-cfd2-4858-8720-91fdd6cea2a0</url><urlname>Virtual stage</urlname><sym>Reference Point</sym><type>Waypoint|Reference Point</type></wpt><wpt lat="59.326967" lon="18.05445"><time>2018-03-03T11:35:04</time><name>187B78D</name><cmt>Ernst Josephsson</cmt><desc>Virtual stage</desc><url>https://www.geocaching.com/seek/wpt.aspx?WID=5166ba4f-7440-456a-9df7-3714f804a8a9</url><urlname>Virtual stage</urlname><sym>Reference Point</sym><type>Waypoint|Reference Point</type></wpt><wpt lat="59.32685" lon="18.054483"><time>2018-03-03T11:35:05</time><name>197B78D</name><cmt>Gustaf Fröding</cmt><desc>Virtual stage</desc><url>https://www.geocaching.com/seek/wpt.aspx?WID=e4ec0f88-7235-43bc-b311-eaf3d3aae5a2</url><urlname>Virtual stage</urlname><sym>Reference Point</sym><type>Waypoint|Reference Point</type></wpt><wpt lat="59.326883" lon="18.053717"><time>2018-03-03T11:35:05</time><name>207B78D</name><cmt>August Strindberg</cmt><desc>Virtual stage</desc><url>https://www.geocaching.com/seek/wpt.aspx?WID=59412393-e629-430f-b3ea-b4025ae046e2</url><urlname>Virtual stage</urlname><sym>Reference Point</sym><type>Waypoint|Reference Point</type></wpt><wpt lat="59.33415" lon="18.063133"><time>2018-03-28T09:55:04</time><name>217B78D</name><cmt>Rolf "Limpan" Lindström</cmt><desc>Virtual stage</desc><url>https://www.geocaching.com/seek/wpt.aspx?WID=5697b145-8c2a-4206-9c4a-5be36f46b0da</url><urlname>Virtual stage</urlname><sym>Reference Point</sym><type>Waypoint|Reference Point</type></wpt><wpt lat="59.339167" lon="18.072783"><time>2018-03-28T09:59:13</time><name>227B78D</name><cmt>Carl von Linné (Linnémonumentet i Humlegården)</cmt><desc>Virtual stage</desc><url>https://www.geocaching.com/seek/wpt.aspx?WID=c9053254-d81f-4cc5-9873-54ba924ac3ac</url><urlname>Virtual stage</urlname><sym>Reference Point</sym><type>Waypoint|Reference Point</type></wpt><wpt lat="59.32585" lon="18.071067"><time>2018-08-04T10:29:13</time><name>237B78D</name><cmt>Olaus Petri</cmt><desc>Virtual stage</desc><url>https://www.geocaching.com/seek/wpt.aspx?WID=4ea71650-cf92-4eee-8f15-04df95805af2</url><urlname>Virtual stage</urlname><sym>Reference Point</sym><type>Waypoint|Reference Point</type></wpt><wpt lat="59.314166666666665" lon="18.103416666666668"><time>2007-02-02T09:58:11</time><name>PK341B</name><cmt>Parking.</cmt><desc>Parkering</desc><url>https://www.geocaching.com/seek/wpt.aspx?WID=4ff111c9-9d59-45e7-9791-32c2a07477d0</url><urlname>Parkering</urlname><sym>Parking Area</sym><type>Waypoint|Parking Area</type></wpt></gpx>